"","province","territory","secteur","village",survey_id,rank,year,comments
"1","Kwilu","Bulungu","Dwe","Nkwebe 2",1,1,2004,"Sécheresses  , crise  alimentaire  et  faim excessive "
"2","Kwilu","Bulungu","Dwe","Nkwebe 2",1,2,2006,"Secheresse ,insuffisance  alimentaire "
"3","Kwilu","Bulungu","Dwe","Nkwebe 2",1,3,2012,Attaques  des  maladies (mosaique et  secheresse  de la  tige  ) Crise alimentaire 
"4","Kwilu","Bulungu","Dwe","Nkwebe 2",1,4,2007,Menace  des  cultures  par les  rats; carence  alimentaire 
"5","Kwilu","Bulungu","Dwe","Nkwebe 2",1,5,1995,Ravageurs  des  plantes  par les  sauterelles  et fourmis 
"6","Kwilu","Bulungu","Dwe","Nkwebe 2",1,6,2000,"Vol  des  epis  des  mais  par  les  enfants/ TV matchs 
""","","","",""
"7","Kwilu","Bulungu","Dwe","Nkwebe 2",1,7,2016,Pluie  excessive ; destruction  des  cultures 
"8","Kwilu","Bulungu","Dwe","Nkwebe 2",1,8,2022,Secheresse  : Faible  production 
"9","Kwilu","Bulungu","Dwe","Polombwa",2,1,2022,Secheresse ; crise  alimentaire 
"10","Kwilu","Bulungu","Dwe","Polombwa",2,2,1996,Pluie  excessive ; destruction  de  la  culture 
"11","Kwilu","Bulungu","Dwe","Polombwa",2,3,1994,Secheresse ; insécurité 
"12","Kwilu","Bulungu","Dwe","Polombwa",2,4,2000,Secheresse 
"13","Kwilu","Bulungu","Dwe","Polombwa",2,5,2014,Secheresse 
"14","Kwilu","Bulungu","Dwe","Polombwa",2,6,2021,Pluie  excessive 
"15","Kwilu","Bulungu","Dwe","Polombwa",2,7,2015,Secheresse 
"16","Kwilu","Bulungu","Dwe","Polombwa",2,8,2018,Secheresse 
"17","Kwilu","Bulungu","Imbongo","Lundwa 1",3,1,2022,"CHALEUR, SÉCHERESSE ET INSECTES"
"18","Kwilu","Bulungu","Imbongo","Lundwa 1",3,2,2006,CHALEUR ET SÉCHERESSE
"19","Kwilu","Bulungu","Imbongo","Lundwa 1",3,3,2007,CHALEUR ET SÉCHERESSE
"20","Kwilu","Bulungu","Imbongo","Lundwa 1",3,4,2008,CHALEUR ET SÉCHERESSE
"21","Kwilu","Bulungu","Imbongo","Lundwa 1",3,5,2009,SÉCHERESSE ET CHALEUR
"22","Kwilu","Bulungu","Imbongo","Lundwa 1",3,6,2011,SÉCHERESSE ET CHALEUR
"23","Kwilu","Bulungu","Imbongo","Lundwa 1",3,7,2019,CHALEUR
"24","Kwilu","Bulungu","Imbongo","Lundwa 1",3,8,2002,CHALEUR ET SÉCHERESSE
"25","Kwilu","Bulungu","Imbongo","Midingi",4,1,2022,EXCES DE PLUIE 
"26","Kwilu","Bulungu","Imbongo","Midingi",4,2,2013,EXCES DE LA PLUIE 
"27","Kwilu","Bulungu","Imbongo","Midingi",4,3,2008,EXCES DE CHALEUR 
"28","Kwilu","Bulungu","Imbongo","Midingi",4,4,2014,EXCES DE CHALEUR 
"29","Kwilu","Bulungu","Imbongo","Midingi",4,5,2017,EXCES DE CHALEUR 
"30","Kwilu","Bulungu","Imbongo","Midingi",4,6,2018,EXCES DE LA PLUIE 
"31","Kwilu","Bulungu","Imbongo","Midingi",4,7,2006,EXCES DE LA PLUIE 
"32","Kwilu","Bulungu","Imbongo","Midingi",4,8,2020,EXCES DE LA PLUIE 
"33","Kwilu","Bulungu","Imbongo","Ngamba",5,1,2016,CHALEUR ET SÉCHERESSE 
"34","Kwilu","Bulungu","Imbongo","Ngamba",5,2,2011,PLUIES EXCESSIVES 
"35","Kwilu","Bulungu","Imbongo","Ngamba",5,3,2013,SÉCHERESSE ET CHALEUR 
"36","Kwilu","Bulungu","Imbongo","Ngamba",5,4,2022,CHALEUR ET PLUIES EXCESSIVES 
"37","Kwilu","Bulungu","Imbongo","Ngamba",5,5,2020,CHALEUR 
"38","Kwilu","Bulungu","Imbongo","Ngamba",5,6,1994,EXCÈS PLUIES 
"39","Kwilu","Bulungu","Imbongo","Ngamba",5,7,2010,CHALEUR ET SÉCHERESSE 
"40","Kwilu","Bulungu","Imbongo","Ngamba",5,8,2006,CHALEUR 
"41","Kwilu","Bulungu","Kilunda","Kimponzi",6,1,2006,SECHERESSE
"42","Kwilu","Bulungu","Kilunda","Kimponzi",6,2,2015,SECHERESSE
"43","Kwilu","Bulungu","Kilunda","Kimponzi",6,3,1997,SECHERESSE
"44","Kwilu","Bulungu","Kilunda","Kimponzi",6,4,1998,SECHERESSE
"45","Kwilu","Bulungu","Kilunda","Kimponzi",6,5,2001,SECBERESSE
"46","Kwilu","Bulungu","Kilunda","Kimponzi",6,6,2018,SECHERESSE
"47","Kwilu","Bulungu","Kilunda","Kimponzi",6,7,2010,SECHERESSE
"48","Kwilu","Bulungu","Kilunda","Kimponzi",6,8,2004,SECHERESSE ET ATTAQUE DES CRIQUETS
"49","Kwilu","Bulungu","Kilunda","Kimponzi",7,1,1997,Secheresse au début de la saison A et B
"50","Kwilu","Bulungu","Kilunda","Kimponzi",7,2,2001,Secheresse 
"51","Kwilu","Bulungu","Kilunda","Kimponzi",7,3,2006,Secheresse 
"52","Kwilu","Bulungu","Kilunda","Kimponzi",7,4,2022,Secheresse 
"53","Kwilu","Bulungu","Kilunda","Kimponzi",7,5,2015,Secheresse 
"54","Kwilu","Bulungu","Kilunda","Kimponzi",7,6,2010,Secheresse 
"55","Kwilu","Bulungu","Kilunda","Kimponzi",7,7,1998,Secheresse 
"56","Kwilu","Bulungu","Kilunda","Kimponzi",7,8,2018,Secheresse 
"57","Kwilu","Bulungu","Kilunda","Kindambi",8,1,2022,SECHERESSE
"58","Kwilu","Bulungu","Kilunda","Kindambi",8,2,2020,SECHERESSE
"59","Kwilu","Bulungu","Kilunda","Kindambi",8,3,2005,NA
"60","Kwilu","Bulungu","Kilunda","Kindambi",8,4,2018,SECHERESSE
"61","Kwilu","Bulungu","Kilunda","Kindambi",8,5,2010,SECHERESSE
"62","Kwilu","Bulungu","Kilunda","Kindambi",8,6,2000,SECHERESSE
"63","Kwilu","Bulungu","Kilunda","Kindambi",8,7,2013,PLUIES INTENSE
"64","Kwilu","Bulungu","Kilunda","Kindambi",8,8,2007,SECHERESSE
"65","Kwilu","Bulungu","Kipuka","Kipuka",9,1,2020,CHALEUR 
"66","Kwilu","Bulungu","Kipuka","Kipuka",9,2,2021,"CHALEUR, INSECTES ET PLUIES EXCESSIVES "
"67","Kwilu","Bulungu","Kipuka","Kipuka",9,3,2022,CHALEUR 
"68","Kwilu","Bulungu","Kipuka","Kipuka",9,4,2015,PLUIES EXCESSIVES 
"69","Kwilu","Bulungu","Kipuka","Kipuka",9,5,2009,CHALEUR ET PLUIES EXCESSIVES 
"70","Kwilu","Bulungu","Kipuka","Kipuka",9,6,2013,CHALEUR 
"71","Kwilu","Bulungu","Kipuka","Kipuka",9,7,2016,CHALEUR 
"72","Kwilu","Bulungu","Kipuka","Kipuka",9,8,2018,CHALEUR ET PLUIES EXCESSIVES 
"73","Kwilu","Bulungu","Kipuka","Ngula Mabondo",10,1,2021,CHALEUR 
"74","Kwilu","Bulungu","Kipuka","Ngula Mabondo",10,2,2022,CHALEUR 
"75","Kwilu","Bulungu","Kipuka","Ngula Mabondo",10,3,2018,CHALEUR ET INSECTES MOSAÏQUE 
"76","Kwilu","Bulungu","Kipuka","Ngula Mabondo",10,4,2008,CHALEUR 
"77","Kwilu","Bulungu","Kipuka","Ngula Mabondo",10,5,2002,CHALEUR 
"78","Kwilu","Bulungu","Kipuka","Ngula Mabondo",10,6,2013,CHALEUR 
"79","Kwilu","Bulungu","Kipuka","Ngula Mabondo",10,7,2010,INSECTES 
"80","Kwilu","Bulungu","Kipuka","Ngula Mabondo",10,8,1998,PLUIES EXCESSIVES 
"81","Kwilu","Bulungu","Kipuka","Sese Mulutu",11,1,2022,EXCÈS DE CHALEUR LE MANIOC ÉTAIENT ATTAQUÉ PAR INSECTE MOZAIKE
"82","Kwilu","Bulungu","Kipuka","Sese Mulutu",11,2,2020,EXCÈS DE PLUIE
"83","Kwilu","Bulungu","Kipuka","Sese Mulutu",11,3,2019,EXCÈS DE CHALEUR
"84","Kwilu","Bulungu","Kipuka","Sese Mulutu",11,4,2015,EXCÈS DE CHALEUR
"85","Kwilu","Bulungu","Kipuka","Sese Mulutu",11,5,2014,EXCÈS DE CHALEUR
"86","Kwilu","Bulungu","Kipuka","Sese Mulutu",11,6,2007,EXCÈS DE CHALEUR
"87","Kwilu","Bulungu","Kipuka","Sese Mulutu",11,7,2011,EXCÈS DE PLUIE
"88","Kwilu","Bulungu","Kipuka","Sese Mulutu",11,8,2005,EXCÈS DE CHALEUR
"89","Kwilu","Bulungu","Kipuka","Sese Mulutu",12,1,2015,SÉCHERESSE ET CHALEUR 
"90","Kwilu","Bulungu","Kipuka","Sese Mulutu",12,2,2022,SÉCHERESSE ET CHALEUR 
"91","Kwilu","Bulungu","Kipuka","Sese Mulutu",12,3,1999,SÉCHERESSE ET MOSAÏQUE 
"92","Kwilu","Bulungu","Kipuka","Sese Mulutu",12,4,2010,SÉCHERESSE ET INSECTES 
"93","Kwilu","Bulungu","Kipuka","Sese Mulutu",12,5,2003,CHALEUR 
"94","Kwilu","Bulungu","Kipuka","Sese Mulutu",12,6,2016,CHALEUR 
"95","Kwilu","Bulungu","Kipuka","Sese Mulutu",12,7,2021,CHALEUR 
"96","Kwilu","Bulungu","Kipuka","Sese Mulutu",12,8,2006,PLUIES EXCESSIVES 
"97","Kwilu","Bulungu","Kwenge","Mazinga 2",13,1,2018,CHALEUR 
"98","Kwilu","Bulungu","Kwenge","Mazinga 2",13,2,2015,CHALEUR 
"99","Kwilu","Bulungu","Kwenge","Mazinga 2",13,3,2020,PLUIES EXCESSIVES ET INSECTES 
"100","Kwilu","Bulungu","Kwenge","Mazinga 2",13,4,2022,CHALEUR ET PLUIES EXCESSIVES 
"101","Kwilu","Bulungu","Kwenge","Mazinga 2",13,5,2021,CHALEUR 
"102","Kwilu","Bulungu","Kwenge","Mazinga 2",13,6,2005,CHALEUR 
"103","Kwilu","Bulungu","Kwenge","Mazinga 2",13,7,1993,SÉCHERESSE 
"104","Kwilu","Bulungu","Kwenge","Mazinga 2",13,8,2008,CHALEUR 
"105","Kwilu","Bulungu","Kwilu-Kimbata","Kimolo",14,1,2022,INTENSES PLUIES
"106","Kwilu","Bulungu","Kwilu-Kimbata","Kimolo",14,2,2000,SECHERESSE
"107","Kwilu","Bulungu","Kwilu-Kimbata","Kimolo",14,3,2015,INTENSES CHALEURS
"108","Kwilu","Bulungu","Kwilu-Kimbata","Kimolo",14,4,2004,SECHERESSE
"109","Kwilu","Bulungu","Kwilu-Kimbata","Kimolo",14,5,2018,INSECTES RAVAGEURS ET PLUIES INTENSES
"110","Kwilu","Bulungu","Kwilu-Kimbata","Kimolo",14,6,2001,PRECIPITATIONS ABONDANTES
"111","Kwilu","Bulungu","Kwilu-Kimbata","Kimolo",14,7,2008,SECHERESSE
"112","Kwilu","Bulungu","Kwilu-Kimbata","Kimolo",14,8,1994,PLUIES ABONDANTES
"113","Kwilu","Bulungu","Kwilu-Kimbata","Kondji",15,1,2001,"Secheresse, insectes"
"114","Kwilu","Bulungu","Kwilu-Kimbata","Kondji",15,2,1992,Pluie  intense 
"115","Kwilu","Bulungu","Kwilu-Kimbata","Kondji",15,3,2022,Secheresse 
"116","Kwilu","Bulungu","Kwilu-Kimbata","Kondji",15,4,2021,Secheresse 
"117","Kwilu","Bulungu","Kwilu-Kimbata","Kondji",15,5,2015,Insectes  ravageur 
"118","Kwilu","Bulungu","Kwilu-Kimbata","Kondji",15,6,2008,Secheresse 
"119","Kwilu","Bulungu","Kwilu-Kimbata","Kondji",15,7,1999,Pluie intense insuffisance  alimentaire 
"120","Kwilu","Bulungu","Kwilu-Kimbata","Kondji",15,8,2004,"Secheresse, maïs, arachides "
"121","Kwilu","Bulungu","Kwilu-Kimbata","Lunga",16,1,2022,INTENSES PRECIPITATIONS
"122","Kwilu","Bulungu","Kwilu-Kimbata","Lunga",16,2,2015,SECHERESSE
"123","Kwilu","Bulungu","Kwilu-Kimbata","Lunga",16,3,2021,PRECIPITATIONS INTENSES
"124","Kwilu","Bulungu","Kwilu-Kimbata","Lunga",16,4,2018,INTENSES CHALEURS ET INSECTES RAVAGEURS
"125","Kwilu","Bulungu","Kwilu-Kimbata","Lunga",16,5,2004,INSECTES ET SECHERESSE
"126","Kwilu","Bulungu","Kwilu-Kimbata","Lunga",16,6,2008,SECHERESSE ET INSECTES RAVAGEURS
"127","Kwilu","Bulungu","Kwilu-Kimbata","Lunga",16,7,2020,PLUIES ABONDANTES
"128","Kwilu","Bulungu","Kwilu-Kimbata","Lunga",16,8,2000,SECHERESSE
"129","Kwilu","Bulungu","Kwilu-Kimbata","Lunga",17,1,2005,Secheresse 
"130","Kwilu","Bulungu","Kwilu-Kimbata","Lunga",17,2,2012,Secheresse 
"131","Kwilu","Bulungu","Kwilu-Kimbata","Lunga",17,3,2013,Secheresse 
"132","Kwilu","Bulungu","Kwilu-Kimbata","Lunga",17,4,2021,Secheresse 
"133","Kwilu","Bulungu","Kwilu-Kimbata","Lunga",17,5,2022,Secheresse 
"134","Kwilu","Bulungu","Kwilu-Kimbata","Lunga",17,6,2002,Secheresse 
"135","Kwilu","Bulungu","Kwilu-Kimbata","Lunga",17,7,2009,Secheresse 
"136","Kwilu","Bulungu","Kwilu-Kimbata","Lunga",17,8,2011,Secheresse 
"137","Kwilu","Bulungu","Luniungu","Bwatundu Mike",18,1,2022,INTENSES PRECIPITATIONS
"138","Kwilu","Bulungu","Luniungu","Bwatundu Mike",18,2,2021,SECHERESSE
"139","Kwilu","Bulungu","Luniungu","Bwatundu Mike",18,3,2020,SECHERESSE
"140","Kwilu","Bulungu","Luniungu","Bwatundu Mike",18,4,2015,SECHERESSE
"141","Kwilu","Bulungu","Luniungu","Bwatundu Mike",18,5,2017,NA
"142","Kwilu","Bulungu","Luniungu","Bwatundu Mike",18,6,2019,SECHERESSE
"143","Kwilu","Bulungu","Luniungu","Bwatundu Mike",18,7,2014,SECHERESSE
"144","Kwilu","Bulungu","Luniungu","Bwatundu Mike",18,8,2003,ATTAQUE DES INSECTES RAVAGEURS
"145","Kwilu","Bulungu","Luniungu","Bwatundu Mike",19,1,2022,Excès des  pluies 
"146","Kwilu","Bulungu","Luniungu","Bwatundu Mike",19,2,2019,Secheresse 
"147","Kwilu","Bulungu","Luniungu","Bwatundu Mike",19,3,2003,Secheresse 
"148","Kwilu","Bulungu","Luniungu","Bwatundu Mike",19,4,2011,Excès  des pluies 
"149","Kwilu","Bulungu","Luniungu","Bwatundu Mike",19,5,2010,Excès des pluies  
"150","Kwilu","Bulungu","Luniungu","Bwatundu Mike",19,6,2017,Secheresse 
"151","Kwilu","Bulungu","Luniungu","Bwatundu Mike",19,7,1999,Excès des pluies 
"152","Kwilu","Bulungu","Luniungu","Bwatundu Mike",19,8,2014,"Secheresse,  attaques  des  insectes  "
"153","Kwilu","Bulungu","Luniungu","Kikasamweni",20,1,2022,Secheresse 
"154","Kwilu","Bulungu","Luniungu","Kikasamweni",20,2,1997,Pluies  intense 
"155","Kwilu","Bulungu","Luniungu","Kikasamweni",20,3,2021,Insectes  ravageurs 
"156","Kwilu","Bulungu","Luniungu","Kikasamweni",20,4,2002,Secheresse au début de saison  A etB
"157","Kwilu","Bulungu","Luniungu","Kikasamweni",20,5,2012,Secheresse 
"158","Kwilu","Bulungu","Luniungu","Kikasamweni",20,6,2016,Excès de  pluies 
"159","Kwilu","Bulungu","Luniungu","Kikasamweni",20,7,2009,Pluies intense 
"160","Kwilu","Bulungu","Luniungu","Kikasamweni",20,8,2006,Précipitation  intense
"161","Kwilu","Bulungu","Luniungu","Milundu 2",21,1,2022,SECHERESSE
"162","Kwilu","Bulungu","Luniungu","Milundu 2",21,2,2021,SECHERESSE
"163","Kwilu","Bulungu","Luniungu","Milundu 2",21,3,2007,INTENSE PLUIES
"164","Kwilu","Bulungu","Luniungu","Milundu 2",21,4,2000,SECHERESSE
"165","Kwilu","Bulungu","Luniungu","Milundu 2",21,5,1996,PLUIES INTENSE
"166","Kwilu","Bulungu","Luniungu","Milundu 2",21,6,2018,SECHERESSE
"167","Kwilu","Bulungu","Luniungu","Milundu 2",21,7,2013,PLUIES INTENSE
"168","Kwilu","Bulungu","Luniungu","Milundu 2",21,8,1995,SECHERESSE
"169","Kwilu","Bulungu","Luniungu","Milundu 2",22,1,2021,SECHERESSE
"170","Kwilu","Bulungu","Luniungu","Milundu 2",22,2,2005,SECHERESSE
"171","Kwilu","Bulungu","Luniungu","Milundu 2",22,3,2007,INTENSES PLUIES
"172","Kwilu","Bulungu","Luniungu","Milundu 2",22,4,2003,SECBERESSE
"173","Kwilu","Bulungu","Luniungu","Milundu 2",22,5,1998,SECHERESSE
"174","Kwilu","Bulungu","Luniungu","Milundu 2",22,6,1996,INTENSES PRECIPITATIONS
"175","Kwilu","Bulungu","Luniungu","Milundu 2",22,7,2010,SECHERESSE
"176","Kwilu","Bulungu","Luniungu","Milundu 2",22,8,2000,SECHERESSE
"177","Kwilu","Bulungu","Luniungu","Milundu 2",23,1,2022,Secheresse
"178","Kwilu","Bulungu","Luniungu","Milundu 2",23,2,2000,Secheresse
"179","Kwilu","Bulungu","Luniungu","Milundu 2",23,3,2007,Précipitation  intense
"180","Kwilu","Bulungu","Luniungu","Milundu 2",23,4,2003,Secheresse
"181","Kwilu","Bulungu","Luniungu","Milundu 2",23,5,2011,Secheresse
"182","Kwilu","Bulungu","Luniungu","Milundu 2",23,6,2021,Secheresse
"183","Kwilu","Bulungu","Luniungu","Milundu 2",23,7,2018,Excès  de  pluies
"184","Kwilu","Bulungu","Luniungu","Milundu 2",23,8,1996,Pluies  intenses
"185","Kwilu","Bulungu","Mikwi","Bilili Dic",24,1,2022,"Secheresse,  "
"186","Kwilu","Bulungu","Mikwi","Bilili Dic",24,2,2002,Secheresse 
"187","Kwilu","Bulungu","Mikwi","Bilili Dic",24,3,2012,Secheresse 
"188","Kwilu","Bulungu","Mikwi","Bilili Dic",24,4,1997,Secheresse 
"189","Kwilu","Bulungu","Mikwi","Bilili Dic",24,5,2004,Secheresse 
"190","Kwilu","Bulungu","Mikwi","Bilili Dic",24,6,2021,Secheresse 
"191","Kwilu","Bulungu","Mikwi","Bilili Dic",24,7,2018,Secheresse 
"192","Kwilu","Bulungu","Mikwi","Bilili Dic",24,8,2017,Secheresse 0
"193","Kwilu","Bulungu","Mikwi","Nkoshi Port",25,1,2021,Secheresse 
"194","Kwilu","Bulungu","Mikwi","Nkoshi Port",25,2,2017,Secheresse 
"195","Kwilu","Bulungu","Mikwi","Nkoshi Port",25,3,1996,Secheresse 
"196","Kwilu","Bulungu","Mikwi","Nkoshi Port",25,4,2004,Secheresse 
"197","Kwilu","Bulungu","Mikwi","Nkoshi Port",25,5,1999,Secheresse 
"198","Kwilu","Bulungu","Mikwi","Nkoshi Port",25,6,2002,Secheresse 
"199","Kwilu","Bulungu","Mikwi","Nkoshi Port",25,7,2011,Secheresse 
"200","Kwilu","Bulungu","Mikwi","Nkoshi Port",25,8,2022,Secheresse 
"201","Kwilu","Bulungu","Mikwi","Nkoshi Port",26,1,2020,Secheresse 
"202","Kwilu","Bulungu","Mikwi","Nkoshi Port",26,2,2015,Secheresse 
"203","Kwilu","Bulungu","Mikwi","Nkoshi Port",26,3,1996,Secheresse 
"204","Kwilu","Bulungu","Mikwi","Nkoshi Port",26,4,2004,Secheresse 
"205","Kwilu","Bulungu","Mikwi","Nkoshi Port",26,5,2000,Secheresse  
"206","Kwilu","Bulungu","Mikwi","Nkoshi Port",26,6,2012,Secheresse 
"207","Kwilu","Bulungu","Mikwi","Nkoshi Port",26,7,2022,Secheresse 
"208","Kwilu","Bulungu","Mikwi","Nkoshi Port",26,8,2010,Secheresse 
"209","Kwilu","Bulungu","Niadi-Nkara","Bienzi",27,1,2004,SÉCHERESSE
"210","Kwilu","Bulungu","Niadi-Nkara","Bienzi",27,2,2018,SÉCHERESSE
"211","Kwilu","Bulungu","Niadi-Nkara","Bienzi",27,3,2019,SÉCHERESSE
"212","Kwilu","Bulungu","Niadi-Nkara","Bienzi",27,4,2005,PLUIE
"213","Kwilu","Bulungu","Niadi-Nkara","Bienzi",27,5,2015,SÉCHERESSE
"214","Kwilu","Bulungu","Niadi-Nkara","Bienzi",27,6,2012,SÉCHERESSE
"215","Kwilu","Bulungu","Niadi-Nkara","Bienzi",27,7,2003,EXCÈS DE PLUIE
"216","Kwilu","Bulungu","Niadi-Nkara","Bienzi",27,8,2000,EXCÈS DE CHALEUR
"217","Kwilu","Bulungu","Niadi-Nkara","Bienzi",28,1,2022,SÉCHERESSE
"218","Kwilu","Bulungu","Niadi-Nkara","Bienzi",28,2,2008,EXCÈS DE CHALEUR ET INSECTES
"219","Kwilu","Bulungu","Niadi-Nkara","Bienzi",28,3,2020,SÉCHERESSE ET CHALEUR
"220","Kwilu","Bulungu","Niadi-Nkara","Bienzi",28,4,2000,CHALEUR ET OISEAUX
"221","Kwilu","Bulungu","Niadi-Nkara","Bienzi",28,5,2014,INSECTES ET PLUIES
"222","Kwilu","Bulungu","Niadi-Nkara","Bienzi",28,6,1997,INSECTES
"223","Kwilu","Bulungu","Niadi-Nkara","Bienzi",28,7,2003,SÉCHERESSE ET CHALEUR
"224","Kwilu","Bulungu","Niadi-Nkara","Bienzi",28,8,2012,CHALEUR
"225","Kwilu","Bulungu","Niadi-Nkara","Niadi",29,1,1999,EXCÈS DE CHALEUR
"226","Kwilu","Bulungu","Niadi-Nkara","Niadi",29,2,2010,INSECTES ET CHALEUR
"227","Kwilu","Bulungu","Niadi-Nkara","Niadi",29,3,2008,SÉCHERESSE
"228","Kwilu","Bulungu","Niadi-Nkara","Niadi",29,4,2009,SÉCHERESSE
"229","Kwilu","Bulungu","Niadi-Nkara","Niadi",29,5,2016,INSECTES ET EXCÈS DE CHALEUR
"230","Kwilu","Bulungu","Niadi-Nkara","Niadi",29,6,2021,EXCÈS PLUIES
"231","Kwilu","Bulungu","Niadi-Nkara","Niadi",29,7,2022,EXCÈS PLUIES
"232","Kwilu","Bulungu","Niadi-Nkara","Niadi",29,8,2013,INSECTES
"233","Kwilu","Bulungu","Niadi-Nkara","Niadi",30,1,2021,PLUIES EXCESSIVES
"234","Kwilu","Bulungu","Niadi-Nkara","Niadi",30,2,2013,ENVAHISSEMENT DES INSECTES
"235","Kwilu","Bulungu","Niadi-Nkara","Niadi",30,3,2009,SÉCHERESSE
"236","Kwilu","Bulungu","Niadi-Nkara","Niadi",30,4,2008,SÉCHERESSE
"237","Kwilu","Bulungu","Niadi-Nkara","Niadi",30,5,1999,CHALEURS EXCESSIVES ET VENT
"238","Kwilu","Bulungu","Niadi-Nkara","Niadi",30,6,2016,SÉCHERESSE ET ENVAHISSEMENT DES INSECTES
"239","Kwilu","Bulungu","Niadi-Nkara","Niadi",30,7,2022,EXCÈS DE PLUIES
"240","Kwilu","Bulungu","Niadi-Nkara","Niadi",30,8,2010,ENVAHISSEMENT DES INSECTES
"241","Kwilu","Bulungu","Nko","Kimbaya Mangungu",31,1,2017,CHALEUR
"242","Kwilu","Bulungu","Nko","Kimbaya Mangungu",31,2,2019,PLUIES EXCESSIVES
"243","Kwilu","Bulungu","Nko","Kimbaya Mangungu",31,3,2022,PLUIES EXCESSIVES ET INSECTES MOSAÏQUE
"244","Kwilu","Bulungu","Nko","Kimbaya Mangungu",31,4,2020,CHALEUR
"245","Kwilu","Bulungu","Nko","Kimbaya Mangungu",31,5,2015,CHALEUR ET SÉCHERESSE
"246","Kwilu","Bulungu","Nko","Kimbaya Mangungu",31,6,2009,PLUIES EXCESSIVES ET CHALEUR
"247","Kwilu","Bulungu","Nko","Kimbaya Mangungu",31,7,2021,CHALEUR ET PLUIES EXCESSIVES
"248","Kwilu","Bulungu","Nko","Kimbaya Mangungu",31,8,2011,CHALEUR ET PLUIES EXCESSIVES
"249","Kwilu","Bulungu","Nko","Pindi Kinzundu",32,1,2021,Pas de bon rendement
"250","Kwilu","Bulungu","Nko","Pindi Kinzundu",32,2,2022,Perte
"251","Kwilu","Bulungu","Nko","Pindi Kinzundu",32,3,1999,NA
"252","Kwilu","Bulungu","Nko","Pindi Kinzundu",32,4,2000,Mauvais recolte
"253","Kwilu","Bulungu","Nko","Pindi Kinzundu",32,5,2008,Secheresse
"254","Kwilu","Bulungu","Nko","Pindi Kinzundu",32,6,2017,Excé de pluies
"255","Kwilu","Bulungu","Nko","Pindi Kinzundu",32,7,2010,Excé de pluie
"256","Kwilu","Bulungu","Nko","Pindi Kinzundu",32,8,2012,NA
"257","Kwilu","Bulungu","Nko","Sungu",33,1,2022,EXCÈS DE CHALEUR 
"258","Kwilu","Bulungu","Nko","Sungu",33,2,2012,LES SEMAILLES DE MAÏS ÉTAIENT ÉTOUFFÉS
"259","Kwilu","Bulungu","Nko","Sungu",33,3,2016,EXCÈS DE CHALEUR 
"260","Kwilu","Bulungu","Nko","Sungu",33,4,2019,EXCÈS DE CHALEUR 
"261","Kwilu","Bulungu","Nko","Sungu",33,5,2021,EXCÈS DE CHALEUR 
"262","Kwilu","Bulungu","Nko","Sungu",33,6,1997,EXCÈS DE CHALEUR
"263","Kwilu","Bulungu","Nko","Sungu",33,7,2005,"EXCÈS DE CHALEUR , CHANGEMENT CLIMATIQUE "
"264","Kwilu","Bulungu","Nko","Sungu",33,8,2015,EXCÈS DE CHALEUR 
"265","Kwilu","Bulungu","Nko","Sungu",34,1,2022,PLUIES EXCESSIVES ET CHALEUR 
"266","Kwilu","Bulungu","Nko","Sungu",34,2,2019,CHALEUR ET PLUIES EXCESSIVES 
"267","Kwilu","Bulungu","Nko","Sungu",34,3,2021,CHALEUR ET SÉCHERESSE 
"268","Kwilu","Bulungu","Nko","Sungu",34,4,1992,CHALEUR 
"269","Kwilu","Bulungu","Nko","Sungu",34,5,1994,CHALEUR 
"270","Kwilu","Bulungu","Nko","Sungu",34,6,1997,CHALEUR 
"271","Kwilu","Bulungu","Nko","Sungu",34,7,2003,PLUIES EXCESSIVES 
"272","Kwilu","Bulungu","Nko","Sungu",34,8,2009,CHALEUR 
"273","Kasaï-Central","Demba","DIOFUA","BAKUA LUSABI",35,1,2013,Manque de pluie ( secherese) 
"274","Kasaï-Central","Demba","DIOFUA","BAKUA LUSABI",35,2,2016,Inodation 
"275","Kasaï-Central","Demba","DIOFUA","BAKUA LUSABI",35,3,2017,Secheresse 
"276","Kasaï-Central","Demba","DIOFUA","BAKUA LUSABI",35,4,2018,Les animaux sauvages
"277","Kasaï-Central","Demba","DIOFUA","BAKUA LUSABI",35,5,2019,Secheresse 
"278","Kasaï-Central","Demba","DIOFUA","BAKUA LUSABI",35,6,2020,Malnutrition dit à la secheresse 
"279","Kasaï-Central","Demba","DIOFUA","BAKUA LUSABI",35,7,2021,Inodation 
"280","Kasaï-Central","Demba","DIOFUA","BAKUA LUSABI",35,8,2022,Secheresse
"281","Kasaï-Central","Demba","DIOFUA","BENA KATENGA",36,1,1996,Secheresse 
"282","Kasaï-Central","Demba","DIOFUA","BENA KATENGA",36,2,1997,Secheresse 
"283","Kasaï-Central","Demba","DIOFUA","BENA KATENGA",36,3,2004,Secheresse 
"284","Kasaï-Central","Demba","DIOFUA","BENA KATENGA",36,4,2008,Secheresse 
"285","Kasaï-Central","Demba","DIOFUA","BENA KATENGA",36,5,2013,Secheresse 
"286","Kasaï-Central","Demba","DIOFUA","BENA KATENGA",36,6,2016,Secheresse 
"287","Kasaï-Central","Demba","DIOFUA","BENA KATENGA",36,7,2018,Secheresse 
"288","Kasaï-Central","Demba","DIOFUA","BENA KATENGA",36,8,2020,Secheresse 
"289","Kasaï-Central","Demba","DIOFUA","MBALANGA",37,1,1994,Sécheresse
"290","Kasaï-Central","Demba","DIOFUA","MBALANGA",37,2,1998,Sécheresse
"291","Kasaï-Central","Demba","DIOFUA","MBALANGA",37,3,2008,Sécheresse
"292","Kasaï-Central","Demba","DIOFUA","MBALANGA",37,4,2014,Sécheresse
"293","Kasaï-Central","Demba","DIOFUA","MBALANGA",37,5,2015,Sécheresse
"294","Kasaï-Central","Demba","DIOFUA","MBALANGA",37,6,2016,Sécheresse
"295","Kasaï-Central","Demba","DIOFUA","MBALANGA",37,7,2018,Sécheresse
"296","Kasaï-Central","Demba","DIOFUA","MBALANGA",37,8,2022,Sécheresse
"297","Kasaï-Central","Demba","DIOFUA","NSANGA",38,1,2001,Secherese 
"298","Kasaï-Central","Demba","DIOFUA","NSANGA",38,2,2006,Forte plue
"299","Kasaï-Central","Demba","DIOFUA","NSANGA",38,3,2007,Secherese
"300","Kasaï-Central","Demba","DIOFUA","NSANGA",38,4,2008,Enrolement
"301","Kasaï-Central","Demba","DIOFUA","NSANGA",38,5,2014,Secherese
"302","Kasaï-Central","Demba","DIOFUA","NSANGA",38,6,2017,Secherese
"303","Kasaï-Central","Demba","DIOFUA","NSANGA",38,7,2019,Plue forte
"304","Kasaï-Central","Demba","DIOFUA","NSANGA",38,8,2021,Guerre
"305","Kasaï-Central","Demba","DIOFUA","NSANGA",39,1,2021,Hausse de temperature et interruption brusque des pluie
"306","Kasaï-Central","Demba","DIOFUA","NSANGA",39,2,2017,Pas de pluie
"307","Kasaï-Central","Demba","DIOFUA","NSANGA",39,3,2018,Pas de pluie
"308","Kasaï-Central","Demba","DIOFUA","NSANGA",39,4,2022,Pas des pluie
"309","Kasaï-Central","Demba","DIOFUA","NSANGA",39,5,2004,Secheresse prononcé
"310","Kasaï-Central","Demba","DIOFUA","NSANGA",39,6,2006,Pas des pluies
"311","Kasaï-Central","Demba","DIOFUA","NSANGA",39,7,2015,Pas des pluies
"312","Kasaï-Central","Demba","DIOFUA","NSANGA",39,8,2008,Pluie retardé
"313","Kasaï-Central","Demba","DIOFUA","TSHIALU MUKENDI",40,1,1996,Secherese 
"314","Kasaï-Central","Demba","DIOFUA","TSHIALU MUKENDI",40,2,1999,Secherese 
"315","Kasaï-Central","Demba","DIOFUA","TSHIALU MUKENDI",40,3,2008,Pluie forte
"316","Kasaï-Central","Demba","DIOFUA","TSHIALU MUKENDI",40,4,2011,Secherese 
"317","Kasaï-Central","Demba","DIOFUA","TSHIALU MUKENDI",40,5,2018,Forte pluie 
"318","Kasaï-Central","Demba","DIOFUA","TSHIALU MUKENDI",40,6,2000,Pluie 
"319","Kasaï-Central","Demba","DIOFUA","TSHIALU MUKENDI",40,7,2021,Secherese 
"320","Kasaï-Central","Demba","DIOFUA","TSHIALU MUKENDI",40,8,2022,Forte pluie 
"321","Kasaï-Central","Demba","DIOFUA","TSHIBATA II",41,1,1996,Secherese 
"322","Kasaï-Central","Demba","DIOFUA","TSHIBATA II",41,2,2000,Secheresse 
"323","Kasaï-Central","Demba","DIOFUA","TSHIBATA II",41,3,2008,Secheresse 
"324","Kasaï-Central","Demba","DIOFUA","TSHIBATA II",41,4,2017,Secheresse 
"325","Kasaï-Central","Demba","DIOFUA","TSHIBATA II",41,5,2019,Secheresse 
"326","Kasaï-Central","Demba","DIOFUA","TSHIBATA II",41,6,2020,Secheresse 
"327","Kasaï-Central","Demba","DIOFUA","TSHIBATA II",41,7,2021,Secheresse 
"328","Kasaï-Central","Demba","DIOFUA","TSHIBATA II",41,8,2022,Secheresse 
"329","Kasaï-Central","Demba","DIOFUA","TSHIMANA",42,1,1994,Secheresse 
"330","Kasaï-Central","Demba","DIOFUA","TSHIMANA",42,2,2008,Secheresse 
"331","Kasaï-Central","Demba","DIOFUA","TSHIMANA",42,3,2016,Secheresse 
"332","Kasaï-Central","Demba","DIOFUA","TSHIMANA",42,4,2017,Secheresse 
"333","Kasaï-Central","Demba","DIOFUA","TSHIMANA",42,5,2018,Secheresse 
"334","Kasaï-Central","Demba","DIOFUA","TSHIMANA",42,6,2020,Secheresse 
"335","Kasaï-Central","Demba","DIOFUA","TSHIMANA",42,7,2021,Secheresse 
"336","Kasaï-Central","Demba","DIOFUA","TSHIMANA",42,8,2022,Secheresse 
"337","Kasaï-Central","Demba","DIOFUA","NA",43,1,1999,Secheresse
"338","Kasaï-Central","Demba","DIOFUA","NA",43,2,2000,Secheresse
"339","Kasaï-Central","Demba","DIOFUA","NA",43,3,2002,Forte plue
"340","Kasaï-Central","Demba","DIOFUA","NA",43,4,2007,Secheresse
"341","Kasaï-Central","Demba","DIOFUA","NA",43,5,2008,Forte plue
"342","Kasaï-Central","Demba","DIOFUA","NA",43,6,2015,Secheresse
"343","Kasaï-Central","Demba","DIOFUA","NA",43,7,2016,Secherese
"344","Kasaï-Central","Demba","DIOFUA","NA",43,8,2022,NA
"345","Kasaï-Central","Demba","MAMBA","BAKWA  TSHIAME I",44,1,2002,Secheresse 
"346","Kasaï-Central","Demba","MAMBA","BAKWA  TSHIAME I",44,2,2004,Secheresse 
"347","Kasaï-Central","Demba","MAMBA","BAKWA  TSHIAME I",44,3,2007,Secheresse 
"348","Kasaï-Central","Demba","MAMBA","BAKWA  TSHIAME I",44,4,2011,Secheresse 
"349","Kasaï-Central","Demba","MAMBA","BAKWA  TSHIAME I",44,5,2015,Secheresse 
"350","Kasaï-Central","Demba","MAMBA","BAKWA  TSHIAME I",44,6,2018,Secheresse 
"351","Kasaï-Central","Demba","MAMBA","BAKWA  TSHIAME I",44,7,2021,Secheresse 
"352","Kasaï-Central","Demba","MAMBA","BAKWA  TSHIAME I",44,8,1998,Secheresse 
"353","Kasaï-Central","Demba","MAMBA","BENA KANDU",45,1,2020,Secheresse 
"354","Kasaï-Central","Demba","MAMBA","BENA KANDU",45,2,2018,Secheresse 
"355","Kasaï-Central","Demba","MAMBA","BENA KANDU",45,3,2012,Secheresse 
"356","Kasaï-Central","Demba","MAMBA","BENA KANDU",45,4,2000,Secheresse 
"357","Kasaï-Central","Demba","MAMBA","BENA KANDU",45,5,2014,Secheresse 
"358","Kasaï-Central","Demba","MAMBA","BENA KANDU",45,6,2021,Secheresse 
"359","Kasaï-Central","Demba","MAMBA","BENA KANDU",45,7,2008,Secheresse 
"360","Kasaï-Central","Demba","MAMBA","BENA KANDU",45,8,2009,Secheresse 
"361","Kasaï-Central","Demba","MAMBA","BENA KAYEMBE",46,1,2006,Secheresse 
"362","Kasaï-Central","Demba","MAMBA","BENA KAYEMBE",46,2,2016,Secheresse 
"363","Kasaï-Central","Demba","MAMBA","BENA KAYEMBE",46,3,2003,Secheresse 
"364","Kasaï-Central","Demba","MAMBA","BENA KAYEMBE",46,4,2011,Secheresse 
"365","Kasaï-Central","Demba","MAMBA","BENA KAYEMBE",46,5,2014,Secheresse 
"366","Kasaï-Central","Demba","MAMBA","BENA KAYEMBE",46,6,2019,Secheresse 
"367","Kasaï-Central","Demba","MAMBA","BENA KAYEMBE",46,7,2000,Secheresse 
"368","Kasaï-Central","Demba","MAMBA","BENA KAYEMBE",46,8,2002,Secheresse 
"369","Kasaï-Central","Demba","MAMBA","BENA MUANZA",47,1,2016,Secheresse 
"370","Kasaï-Central","Demba","MAMBA","BENA MUANZA",47,2,2021,Temperature haute
"371","Kasaï-Central","Demba","MAMBA","BENA MUANZA",47,3,2009,Secheresse 
"372","Kasaï-Central","Demba","MAMBA","BENA MUANZA",47,4,2019,Secheresse 
"373","Kasaï-Central","Demba","MAMBA","BENA MUANZA",47,5,2006,Temperature haute 
"374","Kasaï-Central","Demba","MAMBA","BENA MUANZA",47,6,2012,Secheresse 
"375","Kasaï-Central","Demba","MAMBA","BENA MUANZA",47,7,2000,Secheresse 
"376","Kasaï-Central","Demba","MAMBA","BENA MUANZA",47,8,1994,Secheresse 
"377","Kasaï-Central","Demba","MAMBA","DIAMBA",48,1,1995,Secheresse 
"378","Kasaï-Central","Demba","MAMBA","DIAMBA",48,2,2013,Secheresse 
"379","Kasaï-Central","Demba","MAMBA","DIAMBA",48,3,2004,Secheresse 
"380","Kasaï-Central","Demba","MAMBA","DIAMBA",48,4,2017,Secheresse 
"381","Kasaï-Central","Demba","MAMBA","DIAMBA",48,5,2021,Secheresse 
"382","Kasaï-Central","Demba","MAMBA","DIAMBA",48,6,2000,Secheresse 
"383","Kasaï-Central","Demba","MAMBA","DIAMBA",48,7,2009,Secheresse 
"384","Kasaï-Central","Demba","MAMBA","DIAMBA",48,8,2019,Secheresse 
"385","Kasaï-Central","Demba","MAMBA","MIBANGA",49,1,2014,Secheresse 
"386","Kasaï-Central","Demba","MAMBA","MIBANGA",49,2,2018,Secheresse 
"387","Kasaï-Central","Demba","MAMBA","MIBANGA",49,3,2022,Secheresse 
"388","Kasaï-Central","Demba","MAMBA","MIBANGA",49,4,2011,Secheresse 
"389","Kasaï-Central","Demba","MAMBA","MIBANGA",49,5,2000,Secheresse 
"390","Kasaï-Central","Demba","MAMBA","MIBANGA",49,6,2008,Secheresse 
"391","Kasaï-Central","Demba","MAMBA","MIBANGA",49,7,1997,Secheresse 
"392","Kasaï-Central","Demba","MAMBA","MIBANGA",49,8,2005,Secheresse 
"393","Kasaï-Central","Demba","MUANZA NGOMA","BENA TSHISOLA",50,1,1996,Sécheresse
"394","Kasaï-Central","Demba","MUANZA NGOMA","BENA TSHISOLA",50,2,1997,Sécheresse
"395","Kasaï-Central","Demba","MUANZA NGOMA","BENA TSHISOLA",50,3,2008,Sécheresse
"396","Kasaï-Central","Demba","MUANZA NGOMA","BENA TSHISOLA",50,4,2011,Sécheresse
"397","Kasaï-Central","Demba","MUANZA NGOMA","BENA TSHISOLA",50,5,2012,Sécheresse
"398","Kasaï-Central","Demba","MUANZA NGOMA","BENA TSHISOLA",50,6,2014,Sécheresse
"399","Kasaï-Central","Demba","MUANZA NGOMA","BENA TSHISOLA",50,7,2018,Sécheresse
"400","Kasaï-Central","Demba","MUANZA NGOMA","BENA TSHISOLA",50,8,2022,Sécheresse
"401","Kasaï-Central","Demba","MUANZA NGOMA","KALUMBU",51,1,2006,Sécheresse
"402","Kasaï-Central","Demba","MUANZA NGOMA","KALUMBU",51,2,2007,Perturbations de saison
"403","Kasaï-Central","Demba","MUANZA NGOMA","KALUMBU",51,3,2008,Sécheresse
"404","Kasaï-Central","Demba","MUANZA NGOMA","KALUMBU",51,4,2022,Sécheresse
"405","Kasaï-Central","Demba","MUANZA NGOMA","KALUMBU",51,5,2012,Sécheresse
"406","Kasaï-Central","Demba","MUANZA NGOMA","KALUMBU",51,6,2017,Sécheresse
"407","Kasaï-Central","Demba","MUANZA NGOMA","KALUMBU",51,7,2000,Sécheresse
"408","Kasaï-Central","Demba","MUANZA NGOMA","KALUMBU",51,8,2011,Sécheresse
"409","Kasaï-Central","Demba","MUANZA NGOMA","KASONGA MUBAMBA",52,1,2019,Perturbations
"410","Kasaï-Central","Demba","MUANZA NGOMA","KASONGA MUBAMBA",52,2,2017,Sécheresse
"411","Kasaï-Central","Demba","MUANZA NGOMA","KASONGA MUBAMBA",52,3,2007,Sécheresse
"412","Kasaï-Central","Demba","MUANZA NGOMA","KASONGA MUBAMBA",52,4,2013,Sécheresse
"413","Kasaï-Central","Demba","MUANZA NGOMA","KASONGA MUBAMBA",52,5,2004,Sécheresse
"414","Kasaï-Central","Demba","MUANZA NGOMA","KASONGA MUBAMBA",52,6,2021,Sécheresse
"415","Kasaï-Central","Demba","MUANZA NGOMA","KASONGA MUBAMBA",52,7,2000,Sécheresse
"416","Kasaï-Central","Demba","MUANZA NGOMA","KASONGA MUBAMBA",52,8,2011,Sécheresse
"417","Kasaï-Central","Demba","MUANZA NGOMA","NSANGA",53,1,2014,Secheresse 
"418","Kasaï-Central","Demba","MUANZA NGOMA","NSANGA",53,2,2015,Secheresse 
"419","Kasaï-Central","Demba","MUANZA NGOMA","NSANGA",53,3,2017,Secheresse 
"420","Kasaï-Central","Demba","MUANZA NGOMA","NSANGA",53,4,2018,Secheresse 
"421","Kasaï-Central","Demba","MUANZA NGOMA","NSANGA",53,5,2019,Secheresse 
"422","Kasaï-Central","Demba","MUANZA NGOMA","NSANGA",53,6,2022,Secheresse 
"423","Kasaï-Central","Demba","MUANZA NGOMA","NSANGA",53,7,2020,Secheresse 
"424","Kasaï-Central","Demba","MUANZA NGOMA","NSANGA",53,8,2011,Secheresse 
"425","Kasaï-Central","Demba","MUANZA NGOMA","VILLAGE MABANGA",54,1,1998,Secheresse 
"426","Kasaï-Central","Demba","MUANZA NGOMA","VILLAGE MABANGA",54,2,2007,Secheresse 
"427","Kasaï-Central","Demba","MUANZA NGOMA","VILLAGE MABANGA",54,3,2000,Secheresse 
"428","Kasaï-Central","Demba","MUANZA NGOMA","VILLAGE MABANGA",54,4,2006,Secheresse 
"429","Kasaï-Central","Demba","MUANZA NGOMA","VILLAGE MABANGA",54,5,2003,Secheresse 
"430","Kasaï-Central","Demba","MUANZA NGOMA","VILLAGE MABANGA",54,6,2022,Secheresse 
"431","Kasaï-Central","Demba","MUANZA NGOMA","VILLAGE MABANGA",54,7,2017,Secheresse 
"432","Kasaï-Central","Demba","MUANZA NGOMA","VILLAGE MABANGA",54,8,2011,Secheresse 
"433","Kasaï-Central","Demba","TSHIBOTE","BENA KALAMBA",55,1,1996,Sécheresse
"434","Kasaï-Central","Demba","TSHIBOTE","BENA KALAMBA",55,2,2001,Sécheresse
"435","Kasaï-Central","Demba","TSHIBOTE","BENA KALAMBA",55,3,2003,Sécheresse
"436","Kasaï-Central","Demba","TSHIBOTE","BENA KALAMBA",55,4,2008,Sécheresse
"437","Kasaï-Central","Demba","TSHIBOTE","BENA KALAMBA",55,5,2017,Sécheresse
"438","Kasaï-Central","Demba","TSHIBOTE","BENA KALAMBA",55,6,2018,Sécheresse
"439","Kasaï-Central","Demba","TSHIBOTE","BENA KALAMBA",55,7,2020,Sécheresse
"440","Kasaï-Central","Demba","TSHIBOTE","BENA KALAMBA",55,8,2022,Sécheresse
"441","Kasaï-Central","Demba","TSHIBOTE","BENA MPUTU",56,1,1997,Sécheresse
"442","Kasaï-Central","Demba","TSHIBOTE","BENA MPUTU",56,2,2001,Sécheresse
"443","Kasaï-Central","Demba","TSHIBOTE","BENA MPUTU",56,3,2002,Sécheresse
"444","Kasaï-Central","Demba","TSHIBOTE","BENA MPUTU",56,4,2003,Sécheresse
"445","Kasaï-Central","Demba","TSHIBOTE","BENA MPUTU",56,5,2005,Sécheresse
"446","Kasaï-Central","Demba","TSHIBOTE","BENA MPUTU",56,6,2008,Sécheresse
"447","Kasaï-Central","Demba","TSHIBOTE","BENA MPUTU",56,7,2018,Sécheresse
"448","Kasaï-Central","Demba","TSHIBOTE","BENA MPUTU",56,8,2022,Sécheresse
"449","Kasaï-Central","Demba","TSHIBOTE","BENA NKASHAMA",57,1,1996,Sécheresse
"450","Kasaï-Central","Demba","TSHIBOTE","BENA NKASHAMA",57,2,2000,Sécheresse
"451","Kasaï-Central","Demba","TSHIBOTE","BENA NKASHAMA",57,3,2008,Sécheresse
"452","Kasaï-Central","Demba","TSHIBOTE","BENA NKASHAMA",57,4,2015,Sécheresse
"453","Kasaï-Central","Demba","TSHIBOTE","BENA NKASHAMA",57,5,2017,Sécheresse
"454","Kasaï-Central","Demba","TSHIBOTE","BENA NKASHAMA",57,6,2018,Sécheresse
"455","Kasaï-Central","Demba","TSHIBOTE","BENA NKASHAMA",57,7,2020,Sécheresse
"456","Kasaï-Central","Demba","TSHIBOTE","BENA NKASHAMA",57,8,2022,Sécheresse
"457","Kasaï-Central","Demba","TSHIBOTE","CILENGA",58,1,2002,Secherese 
"458","Kasaï-Central","Demba","TSHIBOTE","CILENGA",58,2,2005,Secherese 
"459","Kasaï-Central","Demba","TSHIBOTE","CILENGA",58,3,2006,Secherese 
"460","Kasaï-Central","Demba","TSHIBOTE","CILENGA",58,4,2008,Forte pluie 
"461","Kasaï-Central","Demba","TSHIBOTE","CILENGA",58,5,2011,Secherese 
"462","Kasaï-Central","Demba","TSHIBOTE","CILENGA",58,6,2012,Secherese 
"463","Kasaï-Central","Demba","TSHIBOTE","CILENGA",58,7,2017,Seo
"464","Kasaï-Central","Demba","TSHIBOTE","CILENGA",58,8,2022,Secherese 
"465","Kasaï-Central","Demba","TSHIBOTE","DIPUMU",59,1,1994,Sécheresse
"466","Kasaï-Central","Demba","TSHIBOTE","DIPUMU",59,2,1996,Sécheresse
"467","Kasaï-Central","Demba","TSHIBOTE","DIPUMU",59,3,2000,Sécheresse
"468","Kasaï-Central","Demba","TSHIBOTE","DIPUMU",59,4,2007,Sécheresse
"469","Kasaï-Central","Demba","TSHIBOTE","DIPUMU",59,5,2008,Sécheresse
"470","Kasaï-Central","Demba","TSHIBOTE","DIPUMU",59,6,2016,Sécheresse
"471","Kasaï-Central","Demba","TSHIBOTE","DIPUMU",59,7,2020,Sécheresse
"472","Kasaï-Central","Demba","TSHIBOTE","DIPUMU",59,8,2021,Sécheresse
"473","Kasaï-Central","Demba","TSHIBOTE","KAMBANGANYI",60,1,1997,Secherese 
"474","Kasaï-Central","Demba","TSHIBOTE","KAMBANGANYI",60,2,2000,Forte pluie 
"475","Kasaï-Central","Demba","TSHIBOTE","KAMBANGANYI",60,3,2004,Secherese 
"476","Kasaï-Central","Demba","TSHIBOTE","KAMBANGANYI",60,4,2007,Secherese 
"477","Kasaï-Central","Demba","TSHIBOTE","KAMBANGANYI",60,5,2018,Forte pluie 
"478","Kasaï-Central","Demba","TSHIBOTE","KAMBANGANYI",60,6,2019,Secheresse 
"479","Kasaï-Central","Demba","TSHIBOTE","KAMBANGANYI",60,7,2020,Secherese 
"480","Kasaï-Central","Demba","TSHIBOTE","KAMBANGANYI",60,8,2002,Secherese 
"481","Kasaï-Central","Demba","TSHIBUNGU","BAKWA MBAYI",61,1,2011,Secheresse 
"482","Kasaï-Central","Demba","TSHIBUNGU","BAKWA MBAYI",61,2,2017,Secheresse 
"483","Kasaï-Central","Demba","TSHIBUNGU","BAKWA MBAYI",61,3,2019,Secheresse 
"484","Kasaï-Central","Demba","TSHIBUNGU","BAKWA MBAYI",61,4,2022,Secheresse 
"485","Kasaï-Central","Demba","TSHIBUNGU","BAKWA MBAYI",61,5,1994,Secheresse 
"486","Kasaï-Central","Demba","TSHIBUNGU","BAKWA MBAYI",61,6,2021,Augmentation de temperature 
"487","Kasaï-Central","Demba","TSHIBUNGU","BAKWA MBAYI",61,7,2014,Secheresse 
"488","Kasaï-Central","Demba","TSHIBUNGU","BAKWA MBAYI",61,8,1997,Secheresse 
"489","Kasaï-Central","Demba","TSHIBUNGU","BINKUNKU",62,1,2021,Secheresse 
"490","Kasaï-Central","Demba","TSHIBUNGU","BINKUNKU",62,2,2019,Secheresse 
"491","Kasaï-Central","Demba","TSHIBUNGU","BINKUNKU",62,3,2016,Secheresse 
"492","Kasaï-Central","Demba","TSHIBUNGU","BINKUNKU",62,4,2018,Secheresse 
"493","Kasaï-Central","Demba","TSHIBUNGU","BINKUNKU",62,5,2015,Secheresse 
"494","Kasaï-Central","Demba","TSHIBUNGU","BINKUNKU",62,6,2013,Secheresse 
"495","Kasaï-Central","Demba","TSHIBUNGU","BINKUNKU",62,7,2008,Secheresse 
"496","Kasaï-Central","Demba","TSHIBUNGU","BINKUNKU",62,8,2006,Secheresse 
"497","Kasaï-Central","Demba","TSHIBUNGU","KALUNDE",63,1,1994,Haute temperature 
"498","Kasaï-Central","Demba","TSHIBUNGU","KALUNDE",63,2,2008,Secheresse 
"499","Kasaï-Central","Demba","TSHIBUNGU","KALUNDE",63,3,1997,Secheresse 
"500","Kasaï-Central","Demba","TSHIBUNGU","KALUNDE",63,4,2002,Secheresse 
"501","Kasaï-Central","Demba","TSHIBUNGU","KALUNDE",63,5,2011,Secheresse 
"502","Kasaï-Central","Demba","TSHIBUNGU","KALUNDE",63,6,2018,Secheresse 
"503","Kasaï-Central","Demba","TSHIBUNGU","KALUNDE",63,7,2004,Secheresse 
"504","Kasaï-Central","Demba","TSHIBUNGU","KALUNDE",63,8,2022,Secheresse 
"505","Kasaï-Central","Demba","TSHIBUNGU","LUBUYI",64,1,2022,Secheresse 
"506","Kasaï-Central","Demba","TSHIBUNGU","LUBUYI",64,2,2017,Secheresse 
"507","Kasaï-Central","Demba","TSHIBUNGU","LUBUYI",64,3,2001,Secheresse 
"508","Kasaï-Central","Demba","TSHIBUNGU","LUBUYI",64,4,2003,Secheresse 
"509","Kasaï-Central","Demba","TSHIBUNGU","LUBUYI",64,5,2005,Secheresse 
"510","Kasaï-Central","Demba","TSHIBUNGU","LUBUYI",64,6,2016,Secheresse 
"511","Kasaï-Central","Demba","TSHIBUNGU","LUBUYI",64,7,2021,Secheresse 
"512","Kasaï-Central","Demba","TSHIBUNGU","LUBUYI",64,8,2019,Secheresse 
"513","Kasaï-Central","Demba","TSHIBUNGU","LUNGONZO",65,1,2001,SECHERESSE 
"514","Kasaï-Central","Demba","TSHIBUNGU","LUNGONZO",65,2,2006,Secheresse 
"515","Kasaï-Central","Demba","TSHIBUNGU","LUNGONZO",65,3,1996,SECHERESSE 
"516","Kasaï-Central","Demba","TSHIBUNGU","LUNGONZO",65,4,2019,Secheresse 
"517","Kasaï-Central","Demba","TSHIBUNGU","LUNGONZO",65,5,2011,SECHERESSE 
"518","Kasaï-Central","Demba","TSHIBUNGU","LUNGONZO",65,6,2014,Secheresse 
"519","Kasaï-Central","Demba","TSHIBUNGU","LUNGONZO",65,7,2022,Secheresse 
"520","Kasaï-Central","Demba","TSHIBUNGU","LUNGONZO",65,8,2016,Secheresse 
"521","Kasaï","Kamonia","BAMPENDE","FUNDJI",66,1,2017,Secheresse 
"522","Kasaï","Kamonia","BAMPENDE","FUNDJI",66,2,2018,Secheresse 
"523","Kasaï","Kamonia","BAMPENDE","FUNDJI",66,3,2019,Secheresse 
"524","Kasaï","Kamonia","BAMPENDE","FUNDJI",66,4,2020,Secheresse 
"525","Kasaï","Kamonia","BAMPENDE","FUNDJI",66,5,2016,Secheresse 
"526","Kasaï","Kamonia","BAMPENDE","FUNDJI",66,6,2021,Secheresse 
"527","Kasaï","Kamonia","BAMPENDE","FUNDJI",66,7,2022,Secheresse 
"528","Kasaï","Kamonia","BAMPENDE","FUNDJI",66,8,2023,Secheresse 
"529","Kasaï","Kamonia","BAMPENDE","KHOJI A KHOMBO",67,1,2006,Sécheresse
"530","Kasaï","Kamonia","BAMPENDE","KHOJI A KHOMBO",67,2,2008,Sécheresse
"531","Kasaï","Kamonia","BAMPENDE","KHOJI A KHOMBO",67,3,2022,Sécheresse
"532","Kasaï","Kamonia","BAMPENDE","KHOJI A KHOMBO",67,4,2023,Sécheresse
"533","Kasaï","Kamonia","BAMPENDE","KHOJI A KHOMBO",67,5,2015,Sécheresse
"534","Kasaï","Kamonia","BAMPENDE","KHOJI A KHOMBO",67,6,2017,Sécheresse
"535","Kasaï","Kamonia","BAMPENDE","KHOJI A KHOMBO",67,7,2019,Sécheresse
"536","Kasaï","Kamonia","BAMPENDE","KHOJI A KHOMBO",67,8,2011,Sécheresse
"537","Kasaï","Kamonia","BAMPENDE","MARCHE 1",68,1,2023,Secheresse 
"538","Kasaï","Kamonia","BAMPENDE","MARCHE 1",68,2,2018,Secheresse 
"539","Kasaï","Kamonia","BAMPENDE","MARCHE 1",68,3,2016,secheresse 
"540","Kasaï","Kamonia","BAMPENDE","MARCHE 1",68,4,2019,Secheresse 
"541","Kasaï","Kamonia","BAMPENDE","MARCHE 1",68,5,2002,Secheresse 
"542","Kasaï","Kamonia","BAMPENDE","MARCHE 1",68,6,2010,Secheresse 
"543","Kasaï","Kamonia","BAMPENDE","MARCHE 1",68,7,2014,NA
"544","Kasaï","Kamonia","BAMPENDE","MARCHE 1",68,8,2021,Secheresse 
"545","Kasaï","Kamonia","BAMPENDE","MBANGU",69,1,2022,Sécheresse/interruption des pluies
"546","Kasaï","Kamonia","BAMPENDE","MBANGU",69,2,2023,Sécheresse
"547","Kasaï","Kamonia","BAMPENDE","MBANGU",69,3,2007,Sécheresse
"548","Kasaï","Kamonia","BAMPENDE","MBANGU",69,4,2001,Sécheresse
"549","Kasaï","Kamonia","BAMPENDE","MBANGU",69,5,2016,Sécheresse
"550","Kasaï","Kamonia","BAMPENDE","MBANGU",69,6,2011,Sécheresse/interruption des pluies
"551","Kasaï","Kamonia","BAMPENDE","MBANGU",69,7,2014,Manque des pluies durant plusieurs jrs
"552","Kasaï","Kamonia","BAMPENDE","MBANGU",69,8,2019,Manque des pluies durant plusieurs jrs plus de 10 jrs ⁰
"553","Kasaï","Kamonia","BAMPENDE","MBINJIKILA",70,1,2018,Secheresse 
"554","Kasaï","Kamonia","BAMPENDE","MBINJIKILA",70,2,2021,Secheresse 
"555","Kasaï","Kamonia","BAMPENDE","MBINJIKILA",70,3,2015,Secheresse 
"556","Kasaï","Kamonia","BAMPENDE","MBINJIKILA",70,4,2006,Secheresse 
"557","Kasaï","Kamonia","BAMPENDE","MBINJIKILA",70,5,2023,Secheresse 
"558","Kasaï","Kamonia","BAMPENDE","MBINJIKILA",70,6,2002,Secheresse 
"559","Kasaï","Kamonia","BAMPENDE","MBINJIKILA",70,7,2010,Secheresse 
"560","Kasaï","Kamonia","BAMPENDE","MBINJIKILA",70,8,1997,Secheresse 
"561","Kasaï","Kamonia","KASAI KABAMBAIE","KABUNDI",71,1,1992,Sécheresse
"562","Kasaï","Kamonia","KASAI KABAMBAIE","KABUNDI",71,2,2002,Sécheresse
"563","Kasaï","Kamonia","KASAI KABAMBAIE","KABUNDI",71,3,2008,Sécheresse
"564","Kasaï","Kamonia","KASAI KABAMBAIE","KABUNDI",71,4,2017,Sécheresse
"565","Kasaï","Kamonia","KASAI KABAMBAIE","KABUNDI",71,5,2018,Sécheresse
"566","Kasaï","Kamonia","KASAI KABAMBAIE","KABUNDI",71,6,2022,Sècheresse
"567","Kasaï","Kamonia","KASAI KABAMBAIE","KABUNDI",71,7,1994,Sécheresse
"568","Kasaï","Kamonia","KASAI KABAMBAIE","KABUNDI",71,8,2000,Sécheresse
"569","Kasaï","Kamonia","KASAI KABAMBAIE","LUBOMBO",72,1,1998,Manque de pluies
"570","Kasaï","Kamonia","KASAI KABAMBAIE","LUBOMBO",72,2,2006,Secheresse 
"571","Kasaï","Kamonia","KASAI KABAMBAIE","LUBOMBO",72,3,2008,Manque de pluie 
"572","Kasaï","Kamonia","KASAI KABAMBAIE","LUBOMBO",72,4,2016,Manque de pluie 
"573","Kasaï","Kamonia","KASAI KABAMBAIE","LUBOMBO",72,5,2017,Secheresee 
"574","Kasaï","Kamonia","KASAI KABAMBAIE","LUBOMBO",72,6,2018,Manque de pluie 
"575","Kasaï","Kamonia","KASAI KABAMBAIE","LUBOMBO",72,7,2022,NA
"576","Kasaï","Kamonia","KASAI KABAMBAIE","LUBOMBO",72,8,2011,NA
"577","Kasaï","Kamonia","KASAI KABAMBAIE","MUKAYA",73,1,2009,Interruption des pluies /  secheresse
"578","Kasaï","Kamonia","KASAI KABAMBAIE","MUKAYA",73,2,2016,Interruption des pluie de pluies de plus de 15 jrs
"579","Kasaï","Kamonia","KASAI KABAMBAIE","MUKAYA",73,3,2017,Interruption des pluies de plus de 2 semaines 
"580","Kasaï","Kamonia","KASAI KABAMBAIE","MUKAYA",73,4,2022,Interruption des pluies de au moins 21 jrs
"581","Kasaï","Kamonia","KASAI KABAMBAIE","MUKAYA",73,5,2021,MANQUE des pluies de plusieurs jrs 
"582","Kasaï","Kamonia","KASAI KABAMBAIE","MUKAYA",73,6,1990,MANQUE des pluies / secheresse 
"583","Kasaï","Kamonia","KASAI KABAMBAIE","MUKAYA",73,7,2018,Interruption des plus /secheresse de plus de 10 jrs
"584","Kasaï","Kamonia","KASAI KABAMBAIE","MUKAYA",73,8,2008,MANQUE des pluies
"585","Kasaï","Kamonia","KASAI KABAMBAIE","MUKAYA",74,1,2008,Manque de pluie 
"586","Kasaï","Kamonia","KASAI KABAMBAIE","MUKAYA",74,2,2016,Secheresse 
"587","Kasaï","Kamonia","KASAI KABAMBAIE","MUKAYA",74,3,2018,Secheresse 
"588","Kasaï","Kamonia","KASAI KABAMBAIE","MUKAYA",74,4,2017,Manque de pluie 
"589","Kasaï","Kamonia","KASAI KABAMBAIE","MUKAYA",74,5,2002,Secheresse 
"590","Kasaï","Kamonia","KASAI KABAMBAIE","MUKAYA",74,6,2019,Manque de pluie 
"591","Kasaï","Kamonia","KASAI KABAMBAIE","MUKAYA",74,7,2022,Secheresse 
"592","Kasaï","Kamonia","KASAI KABAMBAIE","MUKAYA",74,8,2011,Secheresse 
"593","Kasaï","Kamonia","KASAI KABAMBAIE","NGALA NKOLE",75,1,2021,Sécheresse 
"594","Kasaï","Kamonia","KASAI KABAMBAIE","NGALA NKOLE",75,2,2008,Manque de pluie 
"595","Kasaï","Kamonia","KASAI KABAMBAIE","NGALA NKOLE",75,3,2020,Sécheresse 
"596","Kasaï","Kamonia","KASAI KABAMBAIE","NGALA NKOLE",75,4,2016,Sécheresse 
"597","Kasaï","Kamonia","KASAI KABAMBAIE","NGALA NKOLE",75,5,2022,Manque de pluie 
"598","Kasaï","Kamonia","KASAI KABAMBAIE","NGALA NKOLE",75,6,2017,Sécheresse 
"599","Kasaï","Kamonia","KASAI KABAMBAIE","NGALA NKOLE",75,7,2011,Sécheresse 
"600","Kasaï","Kamonia","KASAI KABAMBAIE","NGALA NKOLE",75,8,2006,Manque de pluie 
"601","Kasaï","Kamonia","KASAI KABAMBAIE","TSHIENDA",76,1,2001,Sécheresse 
"602","Kasaï","Kamonia","KASAI KABAMBAIE","TSHIENDA",76,2,2006,Pire sécheresse 
"603","Kasaï","Kamonia","KASAI KABAMBAIE","TSHIENDA",76,3,2011,Sécheresse 
"604","Kasaï","Kamonia","KASAI KABAMBAIE","TSHIENDA",76,4,2017,Sécheresse 
"605","Kasaï","Kamonia","KASAI KABAMBAIE","TSHIENDA",76,5,2022,Sécheresse 
"606","Kasaï","Kamonia","KASAI KABAMBAIE","TSHIENDA",76,6,2016,Pire sécheresse dans le Village 
"607","Kasaï","Kamonia","KASAI KABAMBAIE","TSHIENDA",76,7,1997,Sécheresse 
"608","Kasaï","Kamonia","KASAI KABAMBAIE","TSHIENDA",76,8,2018,Pire sécheresse 
"609","Kasaï","Kamonia","KASAI LONGA TSHIMO","KALUPONGU",77,1,2008,Sécheresse
"610","Kasaï","Kamonia","KASAI LONGA TSHIMO","KALUPONGU",77,2,2011,Sécheresse
"611","Kasaï","Kamonia","KASAI LONGA TSHIMO","KALUPONGU",77,3,2017,Sécheresse
"612","Kasaï","Kamonia","KASAI LONGA TSHIMO","KALUPONGU",77,4,2022,Sécheresses
"613","Kasaï","Kamonia","KASAI LONGA TSHIMO","KALUPONGU",77,5,1998,Sécheresse
"614","Kasaï","Kamonia","KASAI LONGA TSHIMO","KALUPONGU",77,6,2018,Sécheresse et la guerre de Kamuina Nsampu
"615","Kasaï","Kamonia","KASAI LONGA TSHIMO","KALUPONGU",77,7,2020,Pire sécheresse
"616","Kasaï","Kamonia","KASAI LONGA TSHIMO","KALUPONGU",77,8,1996,NA
"617","Kasaï","Kamonia","KASAI LONGA TSHIMO","KASEMVU",78,1,2008,MANQUE DES PLUIE
"618","Kasaï","Kamonia","KASAI LONGA TSHIMO","KASEMVU",78,2,2020,MANQUE DES PLUIES
"619","Kasaï","Kamonia","KASAI LONGA TSHIMO","KASEMVU",78,3,2022,Absence des pluies
"620","Kasaï","Kamonia","KASAI LONGA TSHIMO","KASEMVU",78,4,1999,MANQUE DES pluies
"621","Kasaï","Kamonia","KASAI LONGA TSHIMO","KASEMVU",78,5,1997,Pas des pluies
"622","Kasaï","Kamonia","KASAI LONGA TSHIMO","KASEMVU",78,6,2017,Pas des pluies pendant plus de 12 jours
"623","Kasaï","Kamonia","KASAI LONGA TSHIMO","KASEMVU",78,7,2004,Pas des pluies
"624","Kasaï","Kamonia","KASAI LONGA TSHIMO","KASEMVU",78,8,2011,Pas des pluies
"625","Kasaï","Kamonia","KASAI LONGA TSHIMO","KATOKA 1",79,1,2008,"Crise généralisée, causée par une forte sécheresse "
"626","Kasaï","Kamonia","KASAI LONGA TSHIMO","KATOKA 1",79,2,2010,Sécheresse 
"627","Kasaï","Kamonia","KASAI LONGA TSHIMO","KATOKA 1",79,3,2017,Sécheresse 
"628","Kasaï","Kamonia","KASAI LONGA TSHIMO","KATOKA 1",79,4,2016,Sécheresse 
"629","Kasaï","Kamonia","KASAI LONGA TSHIMO","KATOKA 1",79,5,2018,Sécheresse 
"630","Kasaï","Kamonia","KASAI LONGA TSHIMO","KATOKA 1",79,6,2022,Sécheresse 
"631","Kasaï","Kamonia","KASAI LONGA TSHIMO","KATOKA 1",79,7,1997,Sécheresse 
"632","Kasaï","Kamonia","KASAI LONGA TSHIMO","KATOKA 1",79,8,2011,Sécheresse 
"633","Kasaï","Kamonia","KASAI LONGA TSHIMO","MUTSHIMA 2",80,1,1997,Sécheresse
"634","Kasaï","Kamonia","KASAI LONGA TSHIMO","MUTSHIMA 2",80,2,2008,Sécheresse
"635","Kasaï","Kamonia","KASAI LONGA TSHIMO","MUTSHIMA 2",80,3,2016,Manque de pluie
"636","Kasaï","Kamonia","KASAI LONGA TSHIMO","MUTSHIMA 2",80,4,2006,Sécheresse
"637","Kasaï","Kamonia","KASAI LONGA TSHIMO","MUTSHIMA 2",80,5,2018,Sécheresse
"638","Kasaï","Kamonia","KASAI LONGA TSHIMO","MUTSHIMA 2",80,6,2022,Manque de pluie
"639","Kasaï","Kamonia","KASAI LONGA TSHIMO","MUTSHIMA 2",80,7,2011,Sécheresse
"640","Kasaï","Kamonia","KASAI LONGA TSHIMO","MUTSHIMA 2",80,8,2017,Sécheresse
"641","Kasaï","Kamonia","KASAI LONGA TSHIMO","TSHITAMBALA",81,1,1997,Pire sécheresse
"642","Kasaï","Kamonia","KASAI LONGA TSHIMO","TSHITAMBALA",81,2,2004,Sécheresse
"643","Kasaï","Kamonia","KASAI LONGA TSHIMO","TSHITAMBALA",81,3,2008,Sécheresse
"644","Kasaï","Kamonia","KASAI LONGA TSHIMO","TSHITAMBALA",81,4,2010,Pire sécheresses
"645","Kasaï","Kamonia","KASAI LONGA TSHIMO","TSHITAMBALA",81,5,2016,Sécheresse
"646","Kasaï","Kamonia","KASAI LONGA TSHIMO","TSHITAMBALA",81,6,2017,Sécheresse
"647","Kasaï","Kamonia","KASAI LONGA TSHIMO","TSHITAMBALA",81,7,2018,Sécheresse
"648","Kasaï","Kamonia","KASAI LONGA TSHIMO","TSHITAMBALA",81,8,2022,NA
"649","Kasaï","Kamonia","LOVO LONGA TSHIMO","AMASSAGE",82,1,2015,Manque de pluies de plus de 10 vers le mois de septembre et octobre
"650","Kasaï","Kamonia","LOVO LONGA TSHIMO","AMASSAGE",82,2,2019,Manque de pluies pdt 30jrs vers septembre et octobre
"651","Kasaï","Kamonia","LOVO LONGA TSHIMO","AMASSAGE",82,3,2021,Manque de pluies de plus de 10 jrs
"652","Kasaï","Kamonia","LOVO LONGA TSHIMO","AMASSAGE",82,4,2022,Manque de pluies de plus de 10 jrs vers octobre
"653","Kasaï","Kamonia","LOVO LONGA TSHIMO","AMASSAGE",82,5,1994,Manque de pluies vers octobre
"654","Kasaï","Kamonia","LOVO LONGA TSHIMO","AMASSAGE",82,6,2003,Manque de pluies vers fin septembre et début octobre
"655","Kasaï","Kamonia","LOVO LONGA TSHIMO","AMASSAGE",82,7,2008,Manque de pluies vers le mois de septembre 21 jrs à peu près
"656","Kasaï","Kamonia","LOVO LONGA TSHIMO","AMASSAGE",82,8,2014,Manque de pluies/sécheresse
"657","Kasaï","Kamonia","LOVO LONGA TSHIMO","DU MARCHE 2",83,1,1997,Manque de bonne pluie
"658","Kasaï","Kamonia","LOVO LONGA TSHIMO","DU MARCHE 2",83,2,2008,Manque de bonne pluie 
"659","Kasaï","Kamonia","LOVO LONGA TSHIMO","DU MARCHE 2",83,3,2017,NA
"660","Kasaï","Kamonia","LOVO LONGA TSHIMO","DU MARCHE 2",83,4,2000,Secheresse 
"661","Kasaï","Kamonia","LOVO LONGA TSHIMO","DU MARCHE 2",83,5,2018,Secheresse 
"662","Kasaï","Kamonia","LOVO LONGA TSHIMO","DU MARCHE 2",83,6,2020,Secheresse 
"663","Kasaï","Kamonia","LOVO LONGA TSHIMO","DU MARCHE 2",83,7,2021,Secheresse 
"664","Kasaï","Kamonia","LOVO LONGA TSHIMO","DU MARCHE 2",83,8,2022,Secheresse 
"665","Kasaï","Kamonia","LOVO LONGA TSHIMO","KAMALUNDA 2",84,1,2008,Sécheresses au village
"666","Kasaï","Kamonia","LOVO LONGA TSHIMO","KAMALUNDA 2",84,2,2018,Sécheresses
"667","Kasaï","Kamonia","LOVO LONGA TSHIMO","KAMALUNDA 2",84,3,2016,Sécheresses au village
"668","Kasaï","Kamonia","LOVO LONGA TSHIMO","KAMALUNDA 2",84,4,2011,Sécheresses
"669","Kasaï","Kamonia","LOVO LONGA TSHIMO","KAMALUNDA 2",84,5,2022,Sécheresse
"670","Kasaï","Kamonia","LOVO LONGA TSHIMO","KAMALUNDA 2",84,6,2020,Sécheresse
"671","Kasaï","Kamonia","LOVO LONGA TSHIMO","KAMALUNDA 2",84,7,2004,Sécheresse
"672","Kasaï","Kamonia","LOVO LONGA TSHIMO","KAMALUNDA 2",84,8,2006,Sécheresse
"673","Kasaï","Kamonia","LOVO LONGA TSHIMO","SHAKALUNGA",85,1,1995,Secheresse 
"674","Kasaï","Kamonia","LOVO LONGA TSHIMO","SHAKALUNGA",85,2,1999,Secheresse 
"675","Kasaï","Kamonia","LOVO LONGA TSHIMO","SHAKALUNGA",85,3,2008,Secheresse 
"676","Kasaï","Kamonia","LOVO LONGA TSHIMO","SHAKALUNGA",85,4,2018,Secheresse 
"677","Kasaï","Kamonia","LOVO LONGA TSHIMO","SHAKALUNGA",85,5,2016,Secheresse 
"678","Kasaï","Kamonia","LOVO LONGA TSHIMO","SHAKALUNGA",85,6,2014,Secheresse 
"679","Kasaï","Kamonia","LOVO LONGA TSHIMO","SHAKALUNGA",85,7,2002,Secheresse 
"680","Kasaï","Kamonia","LOVO LONGA TSHIMO","SHAKALUNGA",85,8,2022,Pire secheresse 
"681","Kasaï","Kamonia","LOVO LONGA TSHIMO","TSHIWEYE",86,1,2002,Interruptions des pluies de plus de 10
"682","Kasaï","Kamonia","LOVO LONGA TSHIMO","TSHIWEYE",86,2,2008,Interruptions des pluies
"683","Kasaï","Kamonia","LOVO LONGA TSHIMO","TSHIWEYE",86,3,2020,Manque des pluies de plus de 10 jrs
"684","Kasaï","Kamonia","LOVO LONGA TSHIMO","TSHIWEYE",86,4,2021,Manque des pluies
"685","Kasaï","Kamonia","LOVO LONGA TSHIMO","TSHIWEYE",86,5,1995,Manque des pluies
"686","Kasaï","Kamonia","LOVO LONGA TSHIMO","TSHIWEYE",86,6,1998,Manque des pluies
"687","Kasaï","Kamonia","LOVO LONGA TSHIMO","TSHIWEYE",86,7,2000,Manque des pluies
"688","Kasaï","Kamonia","LOVO LONGA TSHIMO","TSHIWEYE",86,8,2022,Manque des pluies
"689","Kasaï","Kamonia","LUNYEKA","DIBALA",87,1,2008,Secheresse
"690","Kasaï","Kamonia","LUNYEKA","DIBALA",87,2,2016,Pire secheresse 
"691","Kasaï","Kamonia","LUNYEKA","DIBALA",87,3,2018,Pire secheresse 
"692","Kasaï","Kamonia","LUNYEKA","DIBALA",87,4,2019,Manque de pluies 
"693","Kasaï","Kamonia","LUNYEKA","DIBALA",87,5,2022,Secheresse 
"694","Kasaï","Kamonia","LUNYEKA","DIBALA",87,6,2020,Secheresee 
"695","Kasaï","Kamonia","LUNYEKA","DIBALA",87,7,2006,Pire secheresse
"696","Kasaï","Kamonia","LUNYEKA","DIBALA",87,8,2000,Secheresse 
"697","Kasaï","Kamonia","LUNYEKA","MUKALA MUTOMBO",88,1,2022,Secheresse 
"698","Kasaï","Kamonia","LUNYEKA","MUKALA MUTOMBO",88,2,2023,Secheresse 
"699","Kasaï","Kamonia","LUNYEKA","MUKALA MUTOMBO",88,3,2021,Secheresse 
"700","Kasaï","Kamonia","LUNYEKA","MUKALA MUTOMBO",88,4,2016,Secheresse 
"701","Kasaï","Kamonia","LUNYEKA","MUKALA MUTOMBO",88,5,2010,Secheresse 
"702","Kasaï","Kamonia","LUNYEKA","MUKALA MUTOMBO",88,6,2017,Secheresse 
"703","Kasaï","Kamonia","LUNYEKA","MUKALA MUTOMBO",88,7,2000,Secheresse 
"704","Kasaï","Kamonia","LUNYEKA","MUKALA MUTOMBO",88,8,2009,Secheresse 
"705","Kasaï","Kamonia","LUNYEKA","TSHIBUTU",89,1,2016,Secheresse 
"706","Kasaï","Kamonia","LUNYEKA","TSHIBUTU",89,2,2017,Secheresse 
"707","Kasaï","Kamonia","LUNYEKA","TSHIBUTU",89,3,2022,Secheresse 
"708","Kasaï","Kamonia","LUNYEKA","TSHIBUTU",89,4,2011,Secheresse 
"709","Kasaï","Kamonia","LUNYEKA","TSHIBUTU",89,5,2020,Secheresse 
"710","Kasaï","Kamonia","LUNYEKA","TSHIBUTU",89,6,2018,Secheresse 
"711","Kasaï","Kamonia","LUNYEKA","TSHIBUTU",89,7,2008,Secheresse 
"712","Kasaï","Kamonia","LUNYEKA","TSHIBUTU",89,8,2004,Secheresse 
"713","Kasaï","Kamonia","LUNYEKA","TSHITENGE DIKAMA",90,1,2008,Secheresse 
"714","Kasaï","Kamonia","LUNYEKA","TSHITENGE DIKAMA",90,2,2010,Secheresse 
"715","Kasaï","Kamonia","LUNYEKA","TSHITENGE DIKAMA",90,3,2015,Secheresse 
"716","Kasaï","Kamonia","LUNYEKA","TSHITENGE DIKAMA",90,4,2018,Secheresse 
"717","Kasaï","Kamonia","LUNYEKA","TSHITENGE DIKAMA",90,5,2022,Secheresse 
"718","Kasaï","Kamonia","LUNYEKA","TSHITENGE DIKAMA",90,6,2011,Secheresse 
"719","Kasaï","Kamonia","LUNYEKA","TSHITENGE DIKAMA",90,7,2016,Secheresse 
"720","Kasaï","Kamonia","LUNYEKA","TSHITENGE DIKAMA",90,8,2021,Secheresse 
"721","Kasaï","Kamonia","LUNYEKA","TSHITOKO",91,1,2017,Secheresse
"722","Kasaï","Kamonia","LUNYEKA","TSHITOKO",91,2,2022,Secheresse
"723","Kasaï","Kamonia","LUNYEKA","TSHITOKO",91,3,2001,Secheresse
"724","Kasaï","Kamonia","LUNYEKA","TSHITOKO",91,4,2023,Secheresse
"725","Kasaï","Kamonia","LUNYEKA","TSHITOKO",91,5,2020,Secheresse
"726","Kasaï","Kamonia","LUNYEKA","TSHITOKO",91,6,2008,Secheresse 
"727","Kasaï","Kamonia","LUNYEKA","TSHITOKO",91,7,2005,Secheresse 
"728","Kasaï","Kamonia","LUNYEKA","TSHITOKO",91,8,2015,Secheresse 
"729","Kasaï","Kamonia","TSHIKAPA","KAMBINZA",92,1,2007,Interruption des pluies/sécheresse de plus de 10jrs
"730","Kasaï","Kamonia","TSHIKAPA","KAMBINZA",92,2,2001,Interruption des pluies de plus de 10 jrs / sécheresse
"731","Kasaï","Kamonia","TSHIKAPA","KAMBINZA",92,3,2021,Interruption des pluies de plus de 10 jrs / sécheresse
"732","Kasaï","Kamonia","TSHIKAPA","KAMBINZA",92,4,2019,Interruption de pluies de plus de 10 jrs
"733","Kasaï","Kamonia","TSHIKAPA","KAMBINZA",92,5,2022,Interruption de pluies de plus de 10 jrs
"734","Kasaï","Kamonia","TSHIKAPA","KAMBINZA",92,6,2023,Interruption des pluies
"735","Kasaï","Kamonia","TSHIKAPA","KAMBINZA",92,7,2020,Sécheresse
"736","Kasaï","Kamonia","TSHIKAPA","KAMBINZA",92,8,2018,Sécheresse/interruption des pluies 0
"737","Kasaï","Kamonia","TSHIKAPA","MBUMBA MANDE",93,1,2022,Absence des pluies durant plusieurs jrs
"738","Kasaï","Kamonia","TSHIKAPA","MBUMBA MANDE",93,2,2021,Absence de pluies durant plusieurs jours plus de 14jrs
"739","Kasaï","Kamonia","TSHIKAPA","MBUMBA MANDE",93,3,2013,Absence des pluies durant une longue période de plus de 10 jrs
"740","Kasaï","Kamonia","TSHIKAPA","MBUMBA MANDE",93,4,2018,Absence des pluies durant une longue période de plus de 10 jrs
"741","Kasaï","Kamonia","TSHIKAPA","MBUMBA MANDE",93,5,2001,Absence des pluies durant une longue période de plus de 10 jrs
"742","Kasaï","Kamonia","TSHIKAPA","MBUMBA MANDE",93,6,2020,Absence de pluies durant plusieurs jrs plus de 10
"743","Kasaï","Kamonia","TSHIKAPA","MBUMBA MANDE",93,7,2008,Absence des pluies durant une longue de plus de 10 jrs
"744","Kasaï","Kamonia","TSHIKAPA","MBUMBA MANDE",93,8,2015,Absence des pluies durant une longue période de plus de 10 jrs
"745","Kasaï","Kamonia","TSHIKAPA","NTUMBA-A-MUANZA",94,1,2022,Secheresse 
"746","Kasaï","Kamonia","TSHIKAPA","NTUMBA-A-MUANZA",94,2,2008,Secheresse
"747","Kasaï","Kamonia","TSHIKAPA","NTUMBA-A-MUANZA",94,3,2018,Secheresse 
"748","Kasaï","Kamonia","TSHIKAPA","NTUMBA-A-MUANZA",94,4,2017,Secheresse 
"749","Kasaï","Kamonia","TSHIKAPA","NTUMBA-A-MUANZA",94,5,2016,Secheresse 
"750","Kasaï","Kamonia","TSHIKAPA","NTUMBA-A-MUANZA",94,6,2000,Secheresse
"751","Kasaï","Kamonia","TSHIKAPA","NTUMBA-A-MUANZA",94,7,2009,Secheresse 
"752","Kasaï","Kamonia","TSHIKAPA","NTUMBA-A-MUANZA",94,8,2001,Secheresse 
"753","Kasaï","Kamonia","TSHIKAPA","SHAKATUMBA",95,1,2008,Manque des pluies/sécheresse
"754","Kasaï","Kamonia","TSHIKAPA","SHAKATUMBA",95,2,2023,Interruption des pluies
"755","Kasaï","Kamonia","TSHIKAPA","SHAKATUMBA",95,3,2022,Interruption des pluies/sécheresse
"756","Kasaï","Kamonia","TSHIKAPA","SHAKATUMBA",95,4,2012,Manque des pluies/Sécheresse
"757","Kasaï","Kamonia","TSHIKAPA","SHAKATUMBA",95,5,2020,Sécheresse/interruption des pluies
"758","Kasaï","Kamonia","TSHIKAPA","SHAKATUMBA",95,6,2017,Sécheresse/interruption des pluies durant plusieurs jrs
"759","Kasaï","Kamonia","TSHIKAPA","SHAKATUMBA",95,7,2019,Sécheresse
"760","Kasaï","Kamonia","TSHIKAPA","SHAKATUMBA",95,8,2002,Sécheresse
"761","Kasaï","Kamonia","TSHIKAPA","TSHIMBUDI",96,1,2022,MANQUE des pluies /secheresse 
"762","Kasaï","Kamonia","TSHIKAPA","TSHIMBUDI",96,2,2000,Interruption des pluies 
"763","Kasaï","Kamonia","TSHIKAPA","TSHIMBUDI",96,3,2017,Interruption des pluies de plusieurs jrs 
"764","Kasaï","Kamonia","TSHIKAPA","TSHIMBUDI",96,4,2015,Interruption des pluies / secheresse 
"765","Kasaï","Kamonia","TSHIKAPA","TSHIMBUDI",96,5,2021,Secheresse 
"766","Kasaï","Kamonia","TSHIKAPA","TSHIMBUDI",96,6,2016,Secheresse /interruption des pluies 
"767","Kasaï","Kamonia","TSHIKAPA","TSHIMBUDI",96,7,2009,Interruption des pluies /secheresse 
"768","Kasaï","Kamonia","TSHIKAPA","TSHIMBUDI",96,8,2019,Secheresse /interruption des pluies 
"769","Kasaï","Kamonia","TSHISUKU","MAKODI",97,1,2022,Secheresse 
"770","Kasaï","Kamonia","TSHISUKU","MAKODI",97,2,2000,Secheresse 
"771","Kasaï","Kamonia","TSHISUKU","MAKODI",97,3,2017,Secheresse 
"772","Kasaï","Kamonia","TSHISUKU","MAKODI",97,4,2016,Secheresse 
"773","Kasaï","Kamonia","TSHISUKU","MAKODI",97,5,2002,Secheresse 
"774","Kasaï","Kamonia","TSHISUKU","MAKODI",97,6,2008,Secheresse 
"775","Kasaï","Kamonia","TSHISUKU","MAKODI",97,7,2021,Secheresse 
"776","Kasaï","Kamonia","TSHISUKU","MAKODI",97,8,2019,Secheresse 
"777","Kasaï","Kamonia","TSHISUKU","MUKAMA",98,1,2017,Pire sécheresse
"778","Kasaï","Kamonia","TSHISUKU","MUKAMA",98,2,2008,Sécheresse
"779","Kasaï","Kamonia","TSHISUKU","MUKAMA",98,3,2018,Pire sécheresse dans le village
"780","Kasaï","Kamonia","TSHISUKU","MUKAMA",98,4,2019,Sècheresse
"781","Kasaï","Kamonia","TSHISUKU","MUKAMA",98,5,2022,Sécheresse
"782","Kasaï","Kamonia","TSHISUKU","MUKAMA",98,6,2016,Sécheresses
"783","Kasaï","Kamonia","TSHISUKU","MUKAMA",98,7,2011,Sècheresse
"784","Kasaï","Kamonia","TSHISUKU","MUKAMA",98,8,2001,Sécheresses
"785","Kasaï","Kamonia","TSHISUKU","Q/ JACQUES 2",99,1,2006,Sécheresse 
"786","Kasaï","Kamonia","TSHISUKU","Q/ JACQUES 2",99,2,2008,Sécheresse 
"787","Kasaï","Kamonia","TSHISUKU","Q/ JACQUES 2",99,3,2016,Sécheresse 
"788","Kasaï","Kamonia","TSHISUKU","Q/ JACQUES 2",99,4,2022,Manque de pluies 
"789","Kasaï","Kamonia","TSHISUKU","Q/ JACQUES 2",99,5,2019,Manques de pluies 
"790","Kasaï","Kamonia","TSHISUKU","Q/ JACQUES 2",99,6,2021,Manques de pluies
"791","Kasaï","Kamonia","TSHISUKU","Q/ JACQUES 2",99,7,2000,Manques de pluies 
"792","Kasaï","Kamonia","TSHISUKU","Q/ JACQUES 2",99,8,2018,Pire sécheresse dans le village 
"793","Kasaï","Kamonia","TSHISUKU","TSHINOTA 2",100,1,2000,Absence des pluies
"794","Kasaï","Kamonia","TSHISUKU","TSHINOTA 2",100,2,2013,Absence des pluies
"795","Kasaï","Kamonia","TSHISUKU","TSHINOTA 2",100,3,2014,Absence des pluies 
"796","Kasaï","Kamonia","TSHISUKU","TSHINOTA 2",100,4,2010,Absence des pluies 
"797","Kasaï","Kamonia","TSHISUKU","TSHINOTA 2",100,5,2022,Absence des pluies 
"798","Kasaï","Kamonia","TSHISUKU","TSHINOTA 2",100,6,2018,Absence des pluies dans la zone
"799","Kasaï","Kamonia","TSHISUKU","TSHINOTA 2",100,7,2020,Absence des pluies 
"800","Kasaï","Kamonia","TSHISUKU","TSHINOTA 2",100,8,2019,Absence des pluies 
"801","Kasaï-Central","LUIZA","BAMBAIE","Mpinda",101,1,2015,L'entré la cochenille farineuse
"802","Kasaï-Central","LUIZA","BAMBAIE","Mpinda",101,2,2022,Peste porcine
"803","Kasaï-Central","LUIZA","BAMBAIE","Mpinda",101,3,2017,Kamuina nsapu
"804","Kasaï-Central","LUIZA","BAMBAIE","Mpinda",101,4,2012,Rien
"805","Kasaï-Central","LUIZA","BAMBAIE","Mpinda",101,5,2004,Refoulement
"806","Kasaï-Central","LUIZA","BAMBAIE","Mpinda",101,6,1997,La rebelion Afdl
"807","Kasaï-Central","LUIZA","BAMBAIE","Mpinda",101,7,2000,Courant de la fin du monde
"808","Kasaï-Central","LUIZA","BAMBAIE","Mpinda",101,8,1992,Refoulement desaien
"809","Kasaï-Central","LUIZA","KABELEKESE","KABALA",102,1,2016,Mouvement  traditionnelle  KAMUI NSAPU
"810","Kasaï-Central","LUIZA","KABELEKESE","KABALA",102,2,2021,Attaque des insecta
"811","Kasaï-Central","LUIZA","KABELEKESE","KABALA",102,3,2023,Attaque des insectes
"812","Kasaï-Central","LUIZA","KABELEKESE","KABALA",102,4,2022,Rage des animaux
"813","Kasaï-Central","LUIZA","KABELEKESE","KABALA",102,5,2002,Rage des animaux
"814","Kasaï-Central","LUIZA","KABELEKESE","KABALA",102,6,2007,Secheresse
"815","Kasaï-Central","LUIZA","KABELEKESE","KABALA",102,7,1993,Attaque des insectes
"816","Kasaï-Central","LUIZA","KABELEKESE","KABALA",102,8,1995,Gros vent
"817","Kasaï-Central","LUIZA","LUETA","MUTEU",103,1,2016,Guerre KAMUINA NSAPU
"818","Kasaï-Central","LUIZA","LUETA","MUTEU",103,2,2021,Manque de pluie
"819","Kasaï-Central","LUIZA","LUETA","MUTEU",103,3,2018,Gros vent
"820","Kasaï-Central","LUIZA","LUETA","MUTEU",103,4,2004,Refoulement des congolais en Angola
"821","Kasaï-Central","LUIZA","LUETA","MUTEU",103,5,2023,Sécheresse
"822","Kasaï-Central","LUIZA","LUETA","MUTEU",103,6,2011,Entrée des creuseres au village
"823","Kasaï-Central","LUIZA","LUETA","MUTEU",103,7,1997,Négligence de cultivaient
"824","Kasaï-Central","LUIZA","LUETA","MUTEU",103,8,2015,Sécheresse
"825","Kasaï-Central","LUIZA","KABELEKESE","SHILUNDA",104,1,2009,Refoulement
"826","Kasaï-Central","LUIZA","KABELEKESE","SHILUNDA",104,2,2017,Mouvement  traditionnelle  KAMUINA NSAPU 
"827","Kasaï-Central","LUIZA","KABELEKESE","SHILUNDA",104,3,2016,Rage des animaux 
"828","Kasaï-Central","LUIZA","KABELEKESE","SHILUNDA",104,4,1997,Entre de Laurent désire kabila au pouvoir 
"829","Kasaï-Central","LUIZA","KABELEKESE","SHILUNDA",104,5,1993,Refoulement de kasaen
"830","Kasaï-Central","LUIZA","KABELEKESE","SHILUNDA",104,6,2023,La terre non fertil
"831","Kasaï-Central","LUIZA","KABELEKESE","SHILUNDA",104,7,2004,Refaulement
"832","Kasaï-Central","LUIZA","KABELEKESE","SHILUNDA",104,8,2008,Crise obama
"833","Kasaï-Central","LUIZA","KABELEKESE","KAMBONGO",105,1,2017,Mouvement traditionnelle KAMUINA NSAPU
"834","Kasaï-Central","LUIZA","KABELEKESE","KAMBONGO",105,2,2019,Maladie covid
"835","Kasaï-Central","LUIZA","KABELEKESE","KAMBONGO",105,3,2004,Refoulement des congolais en Angola p
"836","Kasaï-Central","LUIZA","KABELEKESE","KAMBONGO",105,4,2022,Manque de la fertilité 
"837","Kasaï-Central","LUIZA","KABELEKESE","KAMBONGO",105,5,1997,Attaque des insectes 
"838","Kasaï-Central","LUIZA","KABELEKESE","KAMBONGO",105,6,2002,Entrée de Joseph kabila au pouvoir 
"839","Kasaï-Central","LUIZA","KABELEKESE","KAMBONGO",105,7,2011,Manques des semances 
"840","Kasaï-Central","LUIZA","KABELEKESE","KAMBONGO",105,8,2023,Épidémie de rougeole 
"841","Kasaï","MWEKA","MWEKA","BAKASHI",106,1,2022,Sécheresses 
"842","Kasaï","MWEKA","MWEKA","BAKASHI",106,2,2020,Sécheresses 
"843","Kasaï","MWEKA","MWEKA","BAKASHI",106,3,2015,Sécheresses 
"844","Kasaï","MWEKA","MWEKA","BAKASHI",106,4,2016,Sécheresses 
"845","Kasaï","MWEKA","MWEKA","BAKASHI",106,5,2018,Sécheresses 
"846","Kasaï","MWEKA","MWEKA","BAKASHI",106,6,2012,Sécheresses 
"847","Kasaï","MWEKA","MWEKA","BAKASHI",106,7,2013,Sécheresses 
"848","Kasaï","MWEKA","MWEKA","BAKASHI",106,8,2023,Sécheresses 
"849","Kasaï","MWEKA","MUSHENGE","BWAYA",107,1,2021,Sécheresses 
"850","Kasaï","MWEKA","MUSHENGE","BWAYA",107,2,2013,Sécheresses 
"851","Kasaï","MWEKA","MUSHENGE","BWAYA",107,3,2008,Sécheresse
"852","Kasaï","MWEKA","MUSHENGE","BWAYA",107,4,2014,Sécheresses 
"853","Kasaï","MWEKA","MUSHENGE","BWAYA",107,5,2019,Sécheresses 
"854","Kasaï","MWEKA","MUSHENGE","BWAYA",107,6,2011,Sécheresses 
"855","Kasaï","MWEKA","MUSHENGE","BWAYA",107,7,2006,Sécheresses 
"856","Kasaï","MWEKA","MUSHENGE","BWAYA",107,8,2022,Sécheresses 
"857","Kasaï","MWEKA","MUSHENGE","Labala 2",108,1,2008,Sécheresses 
"858","Kasaï","MWEKA","MUSHENGE","Labala 2",108,2,2006,Sécheresse 
"859","Kasaï","MWEKA","MUSHENGE","Labala 2",108,3,2011,Sécheresse 
"860","Kasaï","MWEKA","MUSHENGE","Labala 2",108,4,2014,Sécheresse 
"861","Kasaï","MWEKA","MUSHENGE","Labala 2",108,5,2015,Sécheresse 
"862","Kasaï","MWEKA","MUSHENGE","Labala 2",108,6,2021,Sécheresse 
"863","Kasaï","MWEKA","MUSHENGE","Labala 2",108,7,2022,Sécheresse 
"864","Kasaï","MWEKA","MUSHENGE","Labala 2",108,8,2009,Sécheresse 
"865","Kasaï","MWEKA","MWEKA","CANON 2",109,1,2022,Sécheresse 
"866","Kasaï","MWEKA","MWEKA","CANON 2",109,2,2016,Sécheresse 
"867","Kasaï","MWEKA","MWEKA","CANON 2",109,3,2019,Sécheresse 
"868","Kasaï","MWEKA","MWEKA","CANON 2",109,4,2018,Sécheresse 
"869","Kasaï","MWEKA","MWEKA","CANON 2",109,5,2021,Sécheresse 
"870","Kasaï","MWEKA","MWEKA","CANON 2",109,6,2010,Sécheresse 
"871","Kasaï","MWEKA","MWEKA","CANON 2",109,7,2020,Sécheresse 
"872","Kasaï","MWEKA","MWEKA","CANON 2",109,8,2008,Sécheresse 
"873","Kasaï-Central","LUIZA","BAMBAIE","Munzombi",110,1,2017,Guerre kamuina nsapu
"874","Kasaï-Central","LUIZA","BAMBAIE","Munzombi",110,2,2005,Insectes
"875","Kasaï-Central","LUIZA","BAMBAIE","Munzombi",110,3,2020,Maladies
"876","Kasaï-Central","LUIZA","BAMBAIE","Munzombi",110,4,2019,Maladies
"877","Kasaï-Central","LUIZA","BAMBAIE","Munzombi",110,5,1992,Ravage des bêtes en divagation
"878","Kasaï-Central","LUIZA","BAMBAIE","Munzombi",110,6,2023,Distribution des mectizan
"879","Kasaï-Central","LUIZA","BAMBAIE","Munzombi",110,7,2015,Une prière organiser au village pour la circonstance
"880","Kasaï-Central","LUIZA","BAMBAIE","Munzombi",110,8,2018,Passation pacifique du pouvoir
"881","Kasaï-Central","LUIZA","LUSANZA","MUKUMA",111,1,2017,Kamuina nsapu
"882","Kasaï-Central","LUIZA","LUSANZA","MUKUMA",111,2,2007,Après le vote 2006
"883","Kasaï-Central","LUIZA","LUSANZA","MUKUMA",111,3,2021,Conflits champêtre
"884","Kasaï-Central","LUIZA","LUSANZA","MUKUMA",111,4,2012,Après deuxième élection
"885","Kasaï-Central","LUIZA","LUSANZA","MUKUMA",111,5,2019,Ravage des insectes
"886","Kasaï-Central","LUIZA","LUSANZA","MUKUMA",111,6,2023,Insectes
"887","Kasaï-Central","LUIZA","LUSANZA","MUKUMA",111,7,2008,Pourriture de carotte dans tout le village
"888","Kasaï-Central","LUIZA","LUSANZA","MUKUMA",111,8,1993,Dernier vague refoulement kasaien
"889","Kasaï","MWEKA","BULAPE","Tshikulu Bidiaka",112,1,2014,Sécheresse 
"890","Kasaï","MWEKA","BULAPE","Tshikulu Bidiaka",112,2,1999,Sécheresse 
"891","Kasaï","MWEKA","BULAPE","Tshikulu Bidiaka",112,3,2018,Sécheresse 
"892","Kasaï","MWEKA","BULAPE","Tshikulu Bidiaka",112,4,2020,Sécheresse 
"893","Kasaï","MWEKA","BULAPE","Tshikulu Bidiaka",112,5,2021,Sécheresse 
"894","Kasaï","MWEKA","BULAPE","Tshikulu Bidiaka",112,6,2022,Sécheresse 
"895","Kasaï","MWEKA","BULAPE","Tshikulu Bidiaka",112,7,2009,Sécheresse 
"896","Kasaï","MWEKA","BULAPE","Tshikulu Bidiaka",112,8,2010,Sécheresse 
"897","Kasaï","MWEKA","BULAPE","Kapuku Mashala",113,1,2008,SECHERESSE 
"898","Kasaï","MWEKA","BULAPE","Kapuku Mashala",113,2,2022,SECHERESSE 
"899","Kasaï","MWEKA","BULAPE","Kapuku Mashala",113,3,2017,SECHERESSE 
"900","Kasaï","MWEKA","BULAPE","Kapuku Mashala",113,4,2003,SECHERESSE 
"901","Kasaï","MWEKA","BULAPE","Kapuku Mashala",113,5,2005,SECHERESSE 
"902","Kasaï","MWEKA","BULAPE","Kapuku Mashala",113,6,2011,SECHERESSE 
"903","Kasaï","MWEKA","BULAPE","Kapuku Mashala",113,7,1996,SECHERESSE 
"904","Kasaï","MWEKA","BULAPE","Kapuku Mashala",113,8,2000,SECHERESSE 
"905","Kasaï","MWEKA","BULAPE","Ba-tshinga ",114,1,2004,Sécheresse 
"906","Kasaï","MWEKA","BULAPE","Ba-tshinga ",114,2,2016,Sécheresse 
"907","Kasaï","MWEKA","BULAPE","Ba-tshinga ",114,3,2019,Sécheresse 
"908","Kasaï","MWEKA","BULAPE","Ba-tshinga ",114,4,2022,Sécheresse 
"909","Kasaï","MWEKA","BULAPE","Ba-tshinga ",114,5,2021,Sécheresse 
"910","Kasaï","MWEKA","BULAPE","Ba-tshinga ",114,6,2008,Sécheresse 
"911","Kasaï","MWEKA","BULAPE","Ba-tshinga ",114,7,2015,Sécheresse 
"912","Kasaï","MWEKA","BULAPE","Ba-tshinga ",114,8,2009,Sécheresse 
"913","Kasaï","MWEKA","BULAPE","Mbila",115,1,2005,SECHERESSE 
"914","Kasaï","MWEKA","BULAPE","Mbila",115,2,2000,SECHERESSE 
"915","Kasaï","MWEKA","BULAPE","Mbila",115,3,2014,SECHERESSE 
"916","Kasaï","MWEKA","BULAPE","Mbila",115,4,1997,SECHERESSE 
"917","Kasaï","MWEKA","BULAPE","Mbila",115,5,2020,SECHERESSE 
"918","Kasaï","MWEKA","BULAPE","Mbila",115,6,2007,SECHERESSE 
"919","Kasaï","MWEKA","BULAPE","Mbila",115,7,2019,SECHERESSE 
"920","Kasaï","MWEKA","BULAPE","Mbila",115,8,1999,SECHERESSE 
"921","Kasaï","MWEKA","BULAPE","DIKOLO",116,1,2005,Sécheresse 
"922","Kasaï","MWEKA","BULAPE","DIKOLO",116,2,2018,Sécheresse 
"923","Kasaï","MWEKA","BULAPE","DIKOLO",116,3,2022,Sécheresse 
"924","Kasaï","MWEKA","BULAPE","DIKOLO",116,4,2020,Sécheresse 
"925","Kasaï","MWEKA","BULAPE","DIKOLO",116,5,2008,Sécheresse 
"926","Kasaï","MWEKA","BULAPE","DIKOLO",116,6,2010,Sécheresse 
"927","Kasaï","MWEKA","BULAPE","DIKOLO",116,7,2015,Sécheresse 
"928","Kasaï","MWEKA","BULAPE","DIKOLO",116,8,2017,Sécheresse 
"929","Kasaï-Central","LUIZA","KALUNGA","MULUALUA",117,1,2021,Malnutrition des enfants
"930","Kasaï-Central","LUIZA","KALUNGA","MULUALUA",117,2,2017,Kamuina nsapu
"931","Kasaï-Central","LUIZA","KALUNGA","MULUALUA",117,3,2019,Covid
"932","Kasaï-Central","LUIZA","KALUNGA","MULUALUA",117,4,1997,Entrée  afdl
"933","Kasaï-Central","LUIZA","KALUNGA","MULUALUA",117,5,1990,Conférence nationale
"934","Kasaï-Central","LUIZA","KALUNGA","MULUALUA",117,6,2023,Insectes
"935","Kasaï-Central","LUIZA","KALUNGA","MULUALUA",117,7,2015,Conflit de pouvoir
"936","Kasaï-Central","LUIZA","KALUNGA","MULUALUA",117,8,2012,Rougeole chez les enfants
"937","Kasaï-Central","LUIZA","BUSHIMAIE",""Q",HOPITAL",118,1,2022,Malnutrition des enfants
"938","Kasaï-Central","LUIZA","BUSHIMAIE",""Q",HOPITAL",118,2,2017,Kamuina nsapu
"939","Kasaï-Central","LUIZA","BUSHIMAIE",""Q",HOPITAL",118,3,2020,Covid
"940","Kasaï-Central","LUIZA","BUSHIMAIE",""Q",HOPITAL",118,4,2002,Malnutrition
"941","Kasaï-Central","LUIZA","BUSHIMAIE",""Q",HOPITAL",118,5,1997,Entrée afdl
"942","Kasaï-Central","LUIZA","BUSHIMAIE",""Q",HOPITAL",118,6,2008,Installation de l'antenne  de télécommunications
"943","Kasaï-Central","LUIZA","BUSHIMAIE",""Q",HOPITAL",118,7,1992,Refoulement des kasaien de  lubumbashi
"944","Kasaï-Central","LUIZA","BUSHIMAIE",""Q",HOPITAL",118,8,2005,Refoulement congolais de l'angola
"945","Kasaï-Central","LUIZA","BUSHIMAIE","M. KASENGA II",119,1,2016,Changement qui a provoqué la pourriture au village
"946","Kasaï-Central","LUIZA","BUSHIMAIE","M. KASENGA II",119,2,2004,La mort de chef e groupement
"947","Kasaï-Central","LUIZA","BUSHIMAIE","M. KASENGA II",119,3,2023,Rien
"948","Kasaï-Central","LUIZA","BUSHIMAIE","M. KASENGA II",119,4,2017,La geurre  kamuina nsapu
"949","Kasaï-Central","LUIZA","BUSHIMAIE","M. KASENGA II",119,5,2008,Installation des antennes de télécommunications
"950","Kasaï-Central","LUIZA","BUSHIMAIE","M. KASENGA II",119,6,1992,Refoulement des kasaien sur au katanga
"951","Kasaï-Central","LUIZA","BUSHIMAIE","M. KASENGA II",119,7,2020,Pluie torrentielle
"952","Kasaï-Central","LUIZA","BUSHIMAIE","M. KASENGA II",119,8,2013,La mort d'un grand notable du groupement
"953","Kasaï-Central","LUIZA","BUSHIMAIE","NGONGO",120,1,2008,La mort du chef de groupement
"954","Kasaï-Central","LUIZA","BUSHIMAIE","NGONGO",120,2,2022,Sécheresse prononcé
"955","Kasaï-Central","LUIZA","BUSHIMAIE","NGONGO",120,3,2018,Passation pacifique de pouvoir
"956","Kasaï-Central","LUIZA","BUSHIMAIE","NGONGO",120,4,1993,Deuxième vague de refoulement  de kasaien
"957","Kasaï-Central","LUIZA","BUSHIMAIE","NGONGO",120,5,2003,Destruction des maisons par le vent violent
"958","Kasaï-Central","LUIZA","BUSHIMAIE","NGONGO",120,6,2017,Kamuina nsapu
"959","Kasaï-Central","LUIZA","BUSHIMAIE","NGONGO",120,7,2001,La prise de pouvoir par Joseph kabila
"960","Kasaï-Central","LUIZA","BUSHIMAIE","NGONGO",120,8,1996,Crise prononcé  au village
"961","Kasaï-Central","LUIZA","KALUNGA","SAMAKUTA",121,1,2017,Événement kamuina nsapu
"962","Kasaï-Central","LUIZA","KALUNGA","SAMAKUTA",121,2,2022,Sécheresse
"963","Kasaï-Central","LUIZA","KALUNGA","SAMAKUTA",121,3,2007,Installation de l'antenne de télécommunications
"964","Kasaï-Central","LUIZA","KALUNGA","SAMAKUTA",121,4,2002,Variole
"965","Kasaï-Central","LUIZA","KALUNGA","SAMAKUTA",121,5,2012,Après élection 2011
"966","Kasaï-Central","LUIZA","KALUNGA","SAMAKUTA",121,6,1998,Rébellion rcd goma
"967","Kasaï-Central","LUIZA","KALUNGA","SAMAKUTA",121,7,1991,Une guerre tribale entre ethnies
"968","Kasaï-Central","LUIZA","KALUNGA","SAMAKUTA",121,8,2015,Ravageurs
"969","Kasaï","MWEKA","MUSHENGE","Ikokotshi",122,1,2008,SECHERESSE 
"970","Kasaï","MWEKA","MUSHENGE","Ikokotshi",122,2,2022,Secheresse 
"971","Kasaï","MWEKA","MUSHENGE","Ikokotshi",122,3,2016,Secheresse 
"972","Kasaï","MWEKA","MUSHENGE","Ikokotshi",122,4,2019,Secheresse 
"973","Kasaï","MWEKA","MUSHENGE","Ikokotshi",122,5,2020,Secheresse 
"974","Kasaï","MWEKA","MUSHENGE","Ikokotshi",122,6,2013,Secheresse 
"975","Kasaï","MWEKA","MUSHENGE","Ikokotshi",122,7,2011,Secheresse 
"976","Kasaï","MWEKA","MUSHENGE","Ikokotshi",122,8,2015,Secheresse 
"977","Kasaï","MWEKA","KAKENGE","BIYEMBO 6 KM",123,1,2015,SECHERESSE 
"978","Kasaï","MWEKA","KAKENGE","BIYEMBO 6 KM",123,2,2005,SECHERESSE 
"979","Kasaï","MWEKA","KAKENGE","BIYEMBO 6 KM",123,3,2022,SECHERESSE 
"980","Kasaï","MWEKA","KAKENGE","BIYEMBO 6 KM",123,4,2019,SECHERESSE 
"981","Kasaï","MWEKA","KAKENGE","BIYEMBO 6 KM",123,5,2020,SECHERESSE 
"982","Kasaï","MWEKA","KAKENGE","BIYEMBO 6 KM",123,6,2010,SECHERESSE 
"983","Kasaï","MWEKA","KAKENGE","BIYEMBO 6 KM",123,7,2012,SECHERESSE 
"984","Kasaï","MWEKA","KAKENGE","BIYEMBO 6 KM",123,8,2016,SECHERESSE 
"985","Kasaï","MWEKA","MUSHENGE","BONGO",124,1,2008,SÉCHERESSE 
"986","Kasaï","MWEKA","MUSHENGE","BONGO",124,2,2011,SÉCHERESSE 
"987","Kasaï","MWEKA","MUSHENGE","BONGO",124,3,2005,SÉCHERESSE 
"988","Kasaï","MWEKA","MUSHENGE","BONGO",124,4,2014,SÉCHERESSE 
"989","Kasaï","MWEKA","MUSHENGE","BONGO",124,5,2022,SÉCHERESSE 
"990","Kasaï","MWEKA","MUSHENGE","BONGO",124,6,2021,SÉCHERESSE 
"991","Kasaï","MWEKA","MUSHENGE","BONGO",124,7,1997,SÉCHERESSE 
"992","Kasaï","MWEKA","MUSHENGE","BONGO",124,8,2012,SÉCHERESSE 
"993","Kasaï","MWEKA","KAKENGE","MAKOLO BAKUA KABAYA",125,1,2007,SECHERESSE 
"994","Kasaï","MWEKA","KAKENGE","MAKOLO BAKUA KABAYA",125,2,2022,SECHERESSE 
"995","Kasaï","MWEKA","KAKENGE","MAKOLO BAKUA KABAYA",125,3,2008,SECHERESSE 
"996","Kasaï","MWEKA","KAKENGE","MAKOLO BAKUA KABAYA",125,4,2023,SECHERESSE 
"997","Kasaï","MWEKA","KAKENGE","MAKOLO BAKUA KABAYA",125,5,2005,SECHERESSE 
"998","Kasaï","MWEKA","KAKENGE","MAKOLO BAKUA KABAYA",125,6,2017,SECHERESSE 
"999","Kasaï","MWEKA","KAKENGE","MAKOLO BAKUA KABAYA",125,7,1994,SECHERESSE 
"1000","Kasaï","MWEKA","KAKENGE","MAKOLO BAKUA KABAYA",125,8,2009,SECHERESSE 
"1001","Kasaï","MWEKA","MUSHENGE","Tulumbu",126,1,2008,SÉCHERESSE 
"1002","Kasaï","MWEKA","MUSHENGE","Tulumbu",126,2,2014,SÉCHERESSE 
"1003","Kasaï","MWEKA","MUSHENGE","Tulumbu",126,3,2002,SÉCHERESSE 
"1004","Kasaï","MWEKA","MUSHENGE","Tulumbu",126,4,2022,SÉCHERESSE 
"1005","Kasaï","MWEKA","MUSHENGE","Tulumbu",126,5,2013,SÉCHERESSE 
"1006","Kasaï","MWEKA","MUSHENGE","Tulumbu",126,6,2009,SÉCHERESSE 
"1007","Kasaï","MWEKA","MUSHENGE","Tulumbu",126,7,2021,SÉCHERESSE 
"1008","Kasaï","MWEKA","MUSHENGE","Tulumbu",126,8,2005,SÉCHERESSE 
"1009","Kasaï","MWEKA","KAKENGE","BABINDI",127,1,2018,Sécheresse
"1010","Kasaï","MWEKA","KAKENGE","BABINDI",127,2,2019,Sécheresse
"1011","Kasaï","MWEKA","KAKENGE","BABINDI",127,3,2022,Sécheresse
"1012","Kasaï","MWEKA","KAKENGE","BABINDI",127,4,2015,Sécheresse
"1013","Kasaï","MWEKA","KAKENGE","BABINDI",127,5,2008,Sécheresse
"1014","Kasaï","MWEKA","KAKENGE","BABINDI",127,6,2021,Sécheresse
"1015","Kasaï","MWEKA","KAKENGE","BABINDI",127,7,2000,Sécheresse
"1016","Kasaï","MWEKA","KAKENGE","BABINDI",127,8,2004,Sécheresse
"1017","Kasaï-Central","LUIZA","LOATSHI","MUKAMBA",128,1,2017,Kamuina nsapu
"1018","Kasaï-Central","LUIZA","LOATSHI","MUKAMBA",128,2,1993,Vent violent
"1019","Kasaï-Central","LUIZA","LOATSHI","MUKAMBA",128,3,2007,Varicelle
"1020","Kasaï-Central","LUIZA","LOATSHI","MUKAMBA",128,4,2022,Enroulement
"1021","Kasaï-Central","LUIZA","LOATSHI","MUKAMBA",128,5,2020,Covid 19
"1022","Kasaï-Central","LUIZA","LOATSHI","MUKAMBA",128,6,2011,Élections
"1023","Kasaï-Central","LUIZA","LOATSHI","MUKAMBA",128,7,2015,Malnutrition
"1024","Kasaï-Central","LUIZA","LOATSHI","MUKAMBA",128,8,1997,Afdl
"1025","Kasaï-Central","LUIZA","LUSANZA","KAYEMBE",129,1,2009,Variole
"1026","Kasaï-Central","LUIZA","LUSANZA","KAYEMBE",129,2,2013,Insectes
"1027","Kasaï-Central","LUIZA","LUSANZA","KAYEMBE",129,3,2017,Kamuina nsapu
"1028","Kasaï-Central","LUIZA","LUSANZA","KAYEMBE",129,4,1999,Sauterelle
"1029","Kasaï-Central","LUIZA","LUSANZA","KAYEMBE",129,5,2015,Forte sécheresse
"1030","Kasaï-Central","LUIZA","LUSANZA","KAYEMBE",129,6,2020,Covid19
"1031","Kasaï-Central","LUIZA","LUSANZA","KAYEMBE",129,7,1991,Pillage
"1032","Kasaï-Central","LUIZA","LUSANZA","KAYEMBE",129,8,2005,Installation  des antennes de télécommunications
"1033","Kasaï-Central","LUIZA","LUETA","MUZALA",130,1,1991,Attaque des insectes
"1034","Kasaï-Central","LUIZA","LUETA","MUZALA",130,2,1994,Attaque des insectes
"1035","Kasaï-Central","LUIZA","LUETA","MUZALA",130,3,2017,Mouvement traditionnelle KAMUINA NSAPU
"1036","Kasaï-Central","LUIZA","LUETA","MUZALA",130,4,2018,Refoulement de Congo
"1037","Kasaï-Central","LUIZA","LUETA","MUZALA",130,5,2002,Rage des animaux
"1038","Kasaï-Central","LUIZA","LUETA","MUZALA",130,6,1997,Prise de pouvoir par Laurent désire kabila
"1039","Kasaï-Central","LUIZA","LUETA","MUZALA",130,7,2023,Terre non fertile
"1040","Kasaï-Central","LUIZA","LUETA","MUZALA",130,8,2010,Gros vent
"1041","Kasaï-Central","LUIZA","LOATSHI","KAWAYA",131,1,2017,Mouvement traditionnel de KAMUINA NSAPU
"1042","Kasaï-Central","LUIZA","LOATSHI","KAWAYA",131,2,2020,Maladie Covid
"1043","Kasaï-Central","LUIZA","LOATSHI","KAWAYA",131,3,1993,La terre non fertilée
"1044","Kasaï-Central","LUIZA","LOATSHI","KAWAYA",131,4,2012,Mouvement Kasonga mule
"1045","Kasaï-Central","LUIZA","LOATSHI","KAWAYA",131,5,1996,Refoulement des congolais à l'Angola
"1046","Kasaï-Central","LUIZA","LOATSHI","KAWAYA",131,6,2022,Epidemie de rougeole
"1047","Kasaï-Central","LUIZA","LOATSHI","KAWAYA",131,7,2006,Sécheresse
"1048","Kasaï-Central","LUIZA","LOATSHI","KAWAYA",131,8,2023,Epidemie de rougeole
"1049","Kasaï-Central","LUIZA","KALUNGA","KABUABUA",132,1,2017,Mauvement traditionnelle kamuina nsapu
"1050","Kasaï-Central","LUIZA","KALUNGA","KABUABUA",132,2,2012,Attaque des insectes
"1051","Kasaï-Central","LUIZA","KALUNGA","KABUABUA",132,3,2023,Attaques des insectes
"1052","Kasaï-Central","LUIZA","KALUNGA","KABUABUA",132,4,2001,Prise de pouvoir par joseph kabile
"1053","Kasaï-Central","LUIZA","KALUNGA","KABUABUA",132,5,1997,Entree de l'AFDEL
"1054","Kasaï-Central","LUIZA","KALUNGA","KABUABUA",132,6,2006,1ere election au congo
"1055","Kasaï-Central","LUIZA","KALUNGA","KABUABUA",132,7,2008,Crise obama
"1056","Kasaï-Central","LUIZA","KALUNGA","KABUABUA",132,8,1993,Refoulement
"1057","Kasaï-Central","LUIZA","BAMBAIE","Mbimbi",133,1,2008,Attaque des insectes
"1058","Kasaï-Central","LUIZA","BAMBAIE","Mbimbi",133,2,2017,Mouvement traditionnel kamuina nsapu
"1059","Kasaï-Central","LUIZA","BAMBAIE","Mbimbi",133,3,2020,Maladie covid-19
"1060","Kasaï-Central","LUIZA","BAMBAIE","Mbimbi",133,4,1993,Refoulement  des kasaien a lubumbashi
"1061","Kasaï-Central","LUIZA","BAMBAIE","Mbimbi",133,5,2023,Terre non fertil
"1062","Kasaï-Central","LUIZA","BAMBAIE","Mbimbi",133,6,1997,Prise de pouvoir par laurant desire kabila
"1063","Kasaï-Central","LUIZA","BAMBAIE","Mbimbi",133,7,2006,Election electoral
"1064","Kasaï-Central","LUIZA","BAMBAIE","Mbimbi",133,8,2011,Attaque des insectes
"1065","Kasaï-Central","LUIZA","LUETA","LONDAYI",134,1,2017,Mouvement KAMUINA NSAPU
"1066","Kasaï-Central","LUIZA","LUETA","LONDAYI",134,2,1993,Attaque des animaux sauvages dans les champs
"1067","Kasaï-Central","LUIZA","LUETA","LONDAYI",134,3,2015,Attaque des insectes
"1068","Kasaï-Central","LUIZA","LUETA","LONDAYI",134,4,1994,Refoulement des kasains au katanga
"1069","Kasaï-Central","LUIZA","LUETA","LONDAYI",134,5,2023,Attanque des animaux
"1070","Kasaï-Central","LUIZA","LUETA","LONDAYI",134,6,2007,Pouriture  des manioc
"1071","Kasaï-Central","LUIZA","LUETA","LONDAYI",134,7,2010,Conflits des terres
"1072","Kasaï-Central","LUIZA","LUETA","LONDAYI",134,8,2002,Mouvement tranditionnel par le chef MPANDA
"1073","Kasaï-Central","LUIZA","LOATSHI","KAMOTO LUPA",135,1,2007,Une forte sécheresse
"1074","Kasaï-Central","LUIZA","LOATSHI","KAMOTO LUPA",135,2,2017,Kamuina nsapu
"1075","Kasaï-Central","LUIZA","LOATSHI","KAMOTO LUPA",135,3,2020,Covid19
"1076","Kasaï-Central","LUIZA","LOATSHI","KAMOTO LUPA",135,4,2022,Vent violent
"1077","Kasaï-Central","LUIZA","LOATSHI","KAMOTO LUPA",135,5,2018,Élection fatshi
"1078","Kasaï-Central","LUIZA","LOATSHI","KAMOTO LUPA",135,6,1999,Vent violent
"1079","Kasaï-Central","LUIZA","LOATSHI","KAMOTO LUPA",135,7,2005,Variole
"1080","Kasaï-Central","LUIZA","LOATSHI","KAMOTO LUPA",135,8,2010,Rougeole
"1081","Kasaï-Central","LUIZA","BUSHIMAIE","KAPENDAII",136,1,2017,Kamuina nsapu
"1082","Kasaï-Central","LUIZA","BUSHIMAIE","KAPENDAII",136,2,2022,Fin Covid19
"1083","Kasaï-Central","LUIZA","BUSHIMAIE","KAPENDAII",136,3,2012,Après élection de 2011
"1084","Kasaï-Central","LUIZA","BUSHIMAIE","KAPENDAII",136,4,2020,Covid19
"1085","Kasaï-Central","LUIZA","BUSHIMAIE","KAPENDAII",136,5,2000,Sécheresse forte
"1086","Kasaï-Central","LUIZA","BUSHIMAIE","KAPENDAII",136,6,1993,Deux vague de refoulement des kasaien
"1087","Kasaï-Central","LUIZA","BUSHIMAIE","KAPENDAII",136,7,2005,Varicelle
"1088","Kasaï-Central","LUIZA","BUSHIMAIE","KAPENDAII",136,8,2013,Conflits du pouvoir
