Region,District,Village,year,rank,_index
Tigray,Tanku Abergele,Tekleweyni,1984,10,1
Tigray,Tanku Abergele,Tekleweyni,2015,9,1
Tigray,Tanku Abergele,Tekleweyni,1997,8,1
Tigray,Tanku Abergele,Tekleweyni,2002,7,1
Tigray,Tanku Abergele,Tekleweyni,1987,6,1
Tigray,Tanku Abergele,Tekleweyni,1989,5,1
Tigray,Tanku Abergele,Tekleweyni,1993,4,1
Tigray,Tanku Abergele,Tekleweyni,2004,3,1
Tigray,Tanku Abergele,Tekleweyni,2006,2,1
Tigray,Tanku Abergele,Tekleweyni,2018,1,1
Tigray,Tanku Abergele,Siye,1984,10,2
Tigray,Tanku Abergele,Siye,2015,9,2
Tigray,Tanku Abergele,Siye,1997,8,2
Tigray,Tanku Abergele,Siye,2002,7,2
Tigray,Tanku Abergele,Siye,1989,6,2
Tigray,Tanku Abergele,Siye,1990,5,2
Tigray,Tanku Abergele,Siye,1993,4,2
Tigray,Tanku Abergele,Siye,2004,3,2
Tigray,Tanku Abergele,Siye,1987,2,2
Tigray,Tanku Abergele,Siye,2009,1,2
Tigray,Tanku Abergele,Tseykeme,1984,10,3
Tigray,Tanku Abergele,Tseykeme,2015,9,3
Tigray,Tanku Abergele,Tseykeme,1997,8,3
Tigray,Tanku Abergele,Tseykeme,1990,7,3
Tigray,Tanku Abergele,Tseykeme,2017,6,3
Tigray,Tanku Abergele,Tseykeme,2000,5,3
Tigray,Tanku Abergele,Tseykeme,2002,4,3
Tigray,Tanku Abergele,Tseykeme,1994,3,3
Tigray,Tanku Abergele,Tseykeme,1992,2,3
Tigray,Tanku Abergele,Tseykeme,1986,1,3
Tigray,Tanku Abergele,Simret,1984,10,4
Tigray,Tanku Abergele,Simret,1997,9,4
Tigray,Tanku Abergele,Simret,2007,8,4
Tigray,Tanku Abergele,Simret,2015,7,4
Tigray,Tanku Abergele,Simret,1987,6,4
Tigray,Tanku Abergele,Simret,2002,5,4
Tigray,Tanku Abergele,Simret,1993,4,4
Tigray,Tanku Abergele,Simret,1990,3,4
Tigray,Tanku Abergele,Simret,2005,2,4
Tigray,Tanku Abergele,Simret,2013,1,4
Tigray,Tanku Abergele,Negedebrhan,1984,10,5
Tigray,Tanku Abergele,Negedebrhan,2015,9,5
Tigray,Tanku Abergele,Negedebrhan,1997,8,5
Tigray,Tanku Abergele,Negedebrhan,1990,7,5
Tigray,Tanku Abergele,Negedebrhan,1987,6,5
Tigray,Tanku Abergele,Negedebrhan,2008,5,5
Tigray,Tanku Abergele,Negedebrhan,2014,4,5
Tigray,Tanku Abergele,Negedebrhan,2002,3,5
Tigray,Tanku Abergele,Negedebrhan,2004,2,5
Tigray,Tanku Abergele,Negedebrhan,2000,1,5
Tigray,Tanku Abergele,Grwre,1984,10,6
Tigray,Tanku Abergele,Grwre,1997,9,6
Tigray,Tanku Abergele,Grwre,2008,8,6
Tigray,Tanku Abergele,Grwre,2015,7,6
Tigray,Tanku Abergele,Grwre,1987,6,6
Tigray,Tanku Abergele,Grwre,1990,5,6
Tigray,Tanku Abergele,Grwre,1994,4,6
Tigray,Tanku Abergele,Grwre,2002,3,6
Tigray,Tanku Abergele,Grwre,2000,2,6
Tigray,Tanku Abergele,Grwre,2004,1,6
Tigray,Tanku Abergele,Limat,1984,10,7
Tigray,Tanku Abergele,Limat,1990,9,7
Tigray,Tanku Abergele,Limat,1997,8,7
Tigray,Tanku Abergele,Limat,2015,7,7
Tigray,Tanku Abergele,Limat,2008,6,7
Tigray,Tanku Abergele,Limat,1999,5,7
Tigray,Tanku Abergele,Limat,1987,4,7
Tigray,Tanku Abergele,Limat,2006,3,7
Tigray,Tanku Abergele,Limat,1992,2,7
Tigray,Tanku Abergele,Limat,2017,1,7
Tigray,Tanku Abergele,Jijqe,1984,10,8
Tigray,Tanku Abergele,Jijqe,1990,9,8
Tigray,Tanku Abergele,Jijqe,2015,8,8
Tigray,Tanku Abergele,Jijqe,1997,7,8
Tigray,Tanku Abergele,Jijqe,1994,6,8
Tigray,Tanku Abergele,Jijqe,2002,5,8
Tigray,Tanku Abergele,Jijqe,1993,4,8
Tigray,Tanku Abergele,Jijqe,1989,3,8
Tigray,Tanku Abergele,Jijqe,2011,2,8
Tigray,Tanku Abergele,Jijqe,2004,1,8
Tigray,Naeder Adet,Jira,1984,10,9
Tigray,Naeder Adet,Jira,1988,9,9
Tigray,Naeder Adet,Jira,1990,8,9
Tigray,Naeder Adet,Jira,1994,7,9
Tigray,Naeder Adet,Jira,1997,6,9
Tigray,Naeder Adet,Jira,2014,5,9
Tigray,Naeder Adet,Jira,2007,4,9
Tigray,Naeder Adet,Jira,2013,3,9
Tigray,Naeder Adet,Jira,2014,2,9
Tigray,Naeder Adet,Jira,2016,1,9
Tigray,Naeder Adet,Adreb,1984,10,10
Tigray,Naeder Adet,Adreb,1998,9,10
Tigray,Naeder Adet,Adreb,1994,8,10
Tigray,Naeder Adet,Adreb,1988,7,10
Tigray,Naeder Adet,Adreb,2008,6,10
Tigray,Naeder Adet,Adreb,2011,5,10
Tigray,Naeder Adet,Adreb,1992,4,10
Tigray,Naeder Adet,Adreb,2000,3,10
Tigray,Naeder Adet,Adreb,2014,2,10
Tigray,Naeder Adet,Adreb,2018,1,10
Tigray,Naeder Adet,Ksad-acki,1984,10,11
Tigray,Naeder Adet,Ksad-acki,1992,9,11
Tigray,Naeder Adet,Ksad-acki,2007,8,11
Tigray,Naeder Adet,Ksad-acki,2009,7,11
Tigray,Naeder Adet,Ksad-acki,2012,6,11
Tigray,Naeder Adet,Ksad-acki,2014,5,11
Tigray,Naeder Adet,Ksad-acki,1990,4,11
Tigray,Naeder Adet,Ksad-acki,1996,3,11
Tigray,Naeder Adet,Ksad-acki,1997,2,11
Tigray,Naeder Adet,Ksad-acki,1987,1,11
Tigray,Naeder Adet,Seka,1984,10,12
Tigray,Naeder Adet,Seka,1989,9,12
Tigray,Naeder Adet,Seka,1987,8,12
Tigray,Naeder Adet,Seka,1990,7,12
Tigray,Naeder Adet,Seka,2000,6,12
Tigray,Naeder Adet,Seka,1996,5,12
Tigray,Naeder Adet,Seka,2002,4,12
Tigray,Naeder Adet,Seka,2007,3,12
Tigray,Naeder Adet,Seka,2014,2,12
Tigray,Naeder Adet,Seka,2011,1,12
Tigray,Adwa,Lalaylogomti,1984,10,13
Tigray,Adwa,Lalaylogomti,1989,9,13
Tigray,Adwa,Lalaylogomti,2006,8,13
Tigray,Adwa,Lalaylogomti,1986,7,13
Tigray,Adwa,Lalaylogomti,2003,6,13
Tigray,Adwa,Lalaylogomti,2013,5,13
Tigray,Adwa,Lalaylogomti,1999,4,13
Tigray,Adwa,Lalaylogomti,2010,3,13
Tigray,Adwa,Lalaylogomti,2002,2,13
Tigray,Adwa,Lalaylogomti,1998,1,13
Tigray,Adwa,Woyenti,1984,10,14
Tigray,Adwa,Woyenti,1990,9,14
Tigray,Adwa,Woyenti,1987,8,14
Tigray,Adwa,Woyenti,2018,7,14
Tigray,Adwa,Woyenti,2014,6,14
Tigray,Adwa,Woyenti,2001,5,14
Tigray,Adwa,Woyenti,2017,4,14
Tigray,Adwa,Woyenti,2007,3,14
Tigray,Adwa,Woyenti,1994,2,14
Tigray,Adwa,Woyenti,2004,1,14
Tigray,Samre,Nebarhadinet,1984,10,15
Tigray,Samre,Nebarhadinet,1997,9,15
Tigray,Samre,Nebarhadinet,1987,8,15
Tigray,Samre,Nebarhadinet,2015,7,15
Tigray,Samre,Nebarhadinet,2007,6,15
Tigray,Samre,Nebarhadinet,2004,5,15
Tigray,Samre,Nebarhadinet,1989,4,15
Tigray,Samre,Nebarhadinet,1991,3,15
Tigray,Samre,Nebarhadinet,1994,2,15
Tigray,Samre,Nebarhadinet,2010,1,15
Tigray,Samre,Gijet,1984,10,16
Tigray,Samre,Gijet,1989,9,16
Tigray,Samre,Gijet,2015,8,16
Tigray,Samre,Gijet,1997,7,16
Tigray,Samre,Gijet,1987,6,16
Tigray,Samre,Gijet,1999,5,16
Tigray,Samre,Gijet,2010,4,16
Tigray,Samre,Gijet,2007,3,16
Tigray,Samre,Gijet,2005,2,16
Tigray,Samre,Gijet,1991,1,16
Tigray,Samre,Hintsa,1984,10,17
Tigray,Samre,Hintsa,1989,9,17
Tigray,Samre,Hintsa,1997,8,17
Tigray,Samre,Hintsa,2000,7,17
Tigray,Samre,Hintsa,2015,6,17
Tigray,Samre,Hintsa,2016,5,17
Tigray,Samre,Hintsa,2002,4,17
Tigray,Samre,Hintsa,2004,3,17
Tigray,Samre,Hintsa,1994,2,17
Tigray,Samre,Hintsa,2008,1,17
Amhara,Kemekem,Ginaza,1984,10,18
Amhara,Kemekem,Ginaza,1983,9,18
Amhara,Kemekem,Ginaza,2016,8,18
Amhara,Kemekem,Ginaza,2003,7,18
Amhara,Kemekem,Ginaza,1987,6,18
Amhara,Kemekem,Ginaza,1992,5,18
Amhara,Kemekem,Ginaza,2018,4,18
Amhara,Kemekem,Ginaza,2008,3,18
Amhara,Kemekem,Ginaza,1984,2,18
Amhara,Kemekem,Ginaza,1984,1,18
Amhara,Kemekem,Ginaza,1984,10,19
Amhara,Kemekem,Ginaza,1991,9,19
Amhara,Kemekem,Ginaza,2016,8,19
Amhara,Kemekem,Ginaza,2003,7,19
Amhara,Kemekem,Ginaza,1987,6,19
Amhara,Kemekem,Ginaza,1992,5,19
Amhara,Kemekem,Ginaza,2018,4,19
Amhara,Kemekem,Ginaza,2008,3,19
Amhara,Kemekem,Ginaza,1984,2,19
Amhara,Kemekem,Ginaza,1984,1,19
Amhara,Kemekem,Birkutea,1983,10,20
Amhara,Kemekem,Birkutea,2002,9,20
Amhara,Kemekem,Birkutea,1991,8,20
Amhara,Kemekem,Birkutea,2003,7,20
Amhara,Kemekem,Birkutea,1993,6,20
Amhara,Kemekem,Birkutea,2010,5,20
Amhara,Kemekem,Birkutea,1998,4,20
Amhara,Kemekem,Birkutea,2018,3,20
Amhara,Kemekem,Birkutea,2018,2,20
Amhara,Kemekem,Birkutea,2018,1,20
Amhara,Kemekem,Ginaza,1990,10,21
Amhara,Kemekem,Ginaza,1992,9,21
Amhara,Kemekem,Ginaza,2002,8,21
Amhara,Kemekem,Ginaza,2008,7,21
Amhara,Kemekem,Ginaza,1991,6,21
Amhara,Kemekem,Ginaza,2013,5,21
Amhara,Kemekem,Ginaza,2012,4,21
Amhara,Kemekem,Ginaza,2004,3,21
Amhara,Kemekem,Ginaza,2004,2,21
Amhara,Kemekem,Ginaza,2004,1,21
Amhara,Kemekem,Ginaza,1983,10,22
Amhara,Kemekem,Ginaza,1991,9,22
Amhara,Kemekem,Ginaza,2016,8,22
Amhara,Kemekem,Ginaza,2003,7,22
Amhara,Kemekem,Ginaza,1987,6,22
Amhara,Kemekem,Ginaza,2011,5,22
Amhara,Kemekem,Ginaza,1984,4,22
Amhara,Kemekem,Ginaza,2000,3,22
Amhara,Kemekem,Ginaza,2010,2,22
Amhara,Kemekem,Ginaza,2017,1,22
Tigray,Medebay Zana,Kuluferha,1984,10,23
Tigray,Medebay Zana,Kuluferha,1991,9,23
Tigray,Medebay Zana,Kuluferha,1998,8,23
Tigray,Medebay Zana,Kuluferha,1999,7,23
Tigray,Medebay Zana,Kuluferha,2001,6,23
Tigray,Medebay Zana,Kuluferha,2017,5,23
Tigray,Medebay Zana,Kuluferha,2014,4,23
Tigray,Medebay Zana,Kuluferha,2012,3,23
Tigray,Medebay Zana,Kuluferha,2009,2,23
Tigray,Medebay Zana,Kuluferha,2017,1,23
Tigray,Ambalaje,Amedwuha,1984,10,24
Tigray,Ambalaje,Amedwuha,1987,9,24
Tigray,Ambalaje,Amedwuha,2007,8,24
Tigray,Ambalaje,Amedwuha,1997,7,24
Tigray,Ambalaje,Amedwuha,1992,6,24
Tigray,Ambalaje,Amedwuha,2015,5,24
Tigray,Ambalaje,Amedwuha,1994,4,24
Tigray,Ambalaje,Amedwuha,2001,3,24
Tigray,Ambalaje,Amedwuha,2012,2,24
Tigray,Ambalaje,Amedwuha,2004,1,24
Tigray,Ambalaje,Ayba,1984,10,25
Tigray,Ambalaje,Ayba,1987,9,25
Tigray,Ambalaje,Ayba,1992,8,25
Tigray,Ambalaje,Ayba,1994,7,25
Tigray,Ambalaje,Ayba,2016,6,25
Tigray,Ambalaje,Ayba,2002,5,25
Tigray,Ambalaje,Ayba,1996,4,25
Tigray,Ambalaje,Ayba,2003,3,25
Tigray,Ambalaje,Ayba,2005,2,25
Tigray,Ambalaje,Ayba,1999,1,25
Tigray,Samre,Lemlem Arena,1984,10,26
Tigray,Samre,Lemlem Arena,1987,9,26
Tigray,Samre,Lemlem Arena,1997,8,26
Tigray,Samre,Lemlem Arena,1990,7,26
Tigray,Samre,Lemlem Arena,2004,6,26
Tigray,Samre,Lemlem Arena,2015,5,26
Tigray,Samre,Lemlem Arena,1995,4,26
Tigray,Samre,Lemlem Arena,2007,3,26
Tigray,Samre,Lemlem Arena,1994,2,26
Tigray,Samre,Lemlem Arena,2017,1,26
Tigray,Samre,Dekera,1984,10,27
Tigray,Samre,Dekera,1997,9,27
Tigray,Samre,Dekera,2015,8,27
Tigray,Samre,Dekera,2002,7,27
Tigray,Samre,Dekera,2004,6,27
Tigray,Samre,Dekera,2012,5,27
Tigray,Samre,Dekera,1994,4,27
Tigray,Samre,Dekera,2007,3,27
Tigray,Samre,Dekera,2000,2,27
Tigray,Samre,Dekera,1989,1,27
Tigray,Naeder Adet,Adi selam,1984,10,28
Tigray,Naeder Adet,Adi selam,1998,9,28
Tigray,Naeder Adet,Adi selam,1995,8,28
Tigray,Naeder Adet,Adi selam,2002,7,28
Tigray,Naeder Adet,Adi selam,2008,6,28
Tigray,Naeder Adet,Adi selam,2004,5,28
Tigray,Naeder Adet,Adi selam,2016,4,28
Tigray,Naeder Adet,Adi selam,2013,3,28
Tigray,Naeder Adet,Adi selam,2011,2,28
Tigray,Naeder Adet,Adi selam,2009,1,28
Tigray,Ahferom,Mezbr,1984,10,29
Tigray,Ahferom,Mezbr,2014,9,29
Tigray,Ahferom,Mezbr,1989,8,29
Tigray,Ahferom,Mezbr,1998,7,29
Tigray,Ahferom,Mezbr,2017,6,29
Tigray,Ahferom,Mezbr,1990,5,29
Tigray,Ahferom,Mezbr,1994,4,29
Tigray,Ahferom,Mezbr,2012,3,29
Tigray,Ahferom,Mezbr,1996,2,29
Tigray,Ahferom,Mezbr,2015,1,29
Tigray,Ahferom,Edagaarbi,1984,10,30
Tigray,Ahferom,Edagaarbi,1994,9,30
Tigray,Ahferom,Edagaarbi,1987,8,30
Tigray,Ahferom,Edagaarbi,2002,7,30
Tigray,Ahferom,Edagaarbi,2015,6,30
Tigray,Ahferom,Edagaarbi,2004,5,30
Tigray,Ahferom,Edagaarbi,1991,4,30
Tigray,Ahferom,Edagaarbi,1989,3,30
Tigray,Ahferom,Edagaarbi,1999,2,30
Tigray,Ahferom,Edagaarbi,1996,1,30
Tigray,Ahferom,Endamariam,1984,10,31
Tigray,Ahferom,Endamariam,1987,9,31
Tigray,Ahferom,Endamariam,2004,8,31
Tigray,Ahferom,Endamariam,1991,7,31
Tigray,Ahferom,Endamariam,1997,6,31
Tigray,Ahferom,Endamariam,1994,5,31
Tigray,Ahferom,Endamariam,2003,4,31
Tigray,Ahferom,Endamariam,1986,3,31
Tigray,Ahferom,Endamariam,2017,2,31
Tigray,Ahferom,Endamariam,1996,1,31
Tigray,Ahferom,Kudo,1984,10,32
Tigray,Ahferom,Kudo,1987,9,32
Tigray,Ahferom,Kudo,2014,8,32
Tigray,Ahferom,Kudo,1990,7,32
Tigray,Ahferom,Kudo,2017,6,32
Tigray,Ahferom,Kudo,1999,5,32
Tigray,Ahferom,Kudo,2004,4,32
Tigray,Ahferom,Kudo,2002,3,32
Tigray,Ahferom,Kudo,1997,2,32
Tigray,Ahferom,Kudo,2016,1,32
Tigray,Ahferom,Laelayhahaile,1984,10,33
Tigray,Ahferom,Laelayhahaile,1994,9,33
Tigray,Ahferom,Laelayhahaile,2017,8,33
Tigray,Ahferom,Laelayhahaile,1987,7,33
Tigray,Ahferom,Laelayhahaile,2015,6,33
Tigray,Ahferom,Laelayhahaile,1991,5,33
Tigray,Ahferom,Laelayhahaile,2004,4,33
Tigray,Ahferom,Laelayhahaile,1999,3,33
Tigray,Ahferom,Laelayhahaile,2002,2,33
Tigray,Ahferom,Laelayhahaile,2012,1,33
Tigray,Ahferom,Sefo,1984,10,34
Tigray,Ahferom,Sefo,1994,9,34
Tigray,Ahferom,Sefo,1987,8,34
Tigray,Ahferom,Sefo,2014,7,34
Tigray,Ahferom,Sefo,2004,6,34
Tigray,Ahferom,Sefo,1990,5,34
Tigray,Ahferom,Sefo,2000,4,34
Tigray,Ahferom,Sefo,1998,3,34
Tigray,Ahferom,Sefo,2007,2,34
Tigray,Ahferom,Sefo,2017,1,34
Tigray,Ahferom,Emba-Ahfrom,1984,10,35
Tigray,Ahferom,Emba-Ahfrom,1990,9,35
Tigray,Ahferom,Emba-Ahfrom,1987,8,35
Tigray,Ahferom,Emba-Ahfrom,1998,7,35
Tigray,Ahferom,Emba-Ahfrom,2002,6,35
Tigray,Ahferom,Emba-Ahfrom,1993,5,35
Tigray,Ahferom,Emba-Ahfrom,2008,4,35
Tigray,Ahferom,Emba-Ahfrom,2017,3,35
Tigray,Ahferom,Emba-Ahfrom,2014,2,35
Tigray,Ahferom,Emba-Ahfrom,2012,1,35
Tigray,Raya Azebo,Werabaye,1984,10,36
Tigray,Raya Azebo,Werabaye,1990,9,36
Tigray,Raya Azebo,Werabaye,2014,8,36
Tigray,Raya Azebo,Werabaye,1997,7,36
Tigray,Raya Azebo,Werabaye,2011,6,36
Tigray,Raya Azebo,Werabaye,2010,5,36
Tigray,Raya Azebo,Werabaye,1994,4,36
Tigray,Raya Azebo,Werabaye,2017,3,36
Tigray,Raya Azebo,Werabaye,1987,2,36
Tigray,Raya Azebo,Werabaye,2018,1,36
Tigray,Raya Azebo,Wargba,1984,10,37
Tigray,Raya Azebo,Wargba,1987,9,37
Tigray,Raya Azebo,Wargba,1988,8,37
Tigray,Raya Azebo,Wargba,1997,7,37
Tigray,Raya Azebo,Wargba,2008,6,37
Tigray,Raya Azebo,Wargba,1991,5,37
Tigray,Raya Azebo,Wargba,2014,4,37
Tigray,Raya Azebo,Wargba,2010,3,37
Tigray,Raya Azebo,Wargba,2004,2,37
Tigray,Raya Azebo,Wargba,2017,1,37
Tigray,Raya Azebo,Erba,1984,10,38
Tigray,Raya Azebo,Erba,1990,9,38
Tigray,Raya Azebo,Erba,2014,8,38
Tigray,Raya Azebo,Erba,2011,7,38
Tigray,Raya Azebo,Erba,1994,6,38
Tigray,Raya Azebo,Erba,1987,5,38
Tigray,Raya Azebo,Erba,1997,4,38
Tigray,Raya Azebo,Erba,2008,3,38
Tigray,Raya Azebo,Erba,2004,2,38
Tigray,Raya Azebo,Erba,2017,1,38
Tigray,Endamehoni,Tahtay haya,1984,10,39
Tigray,Endamehoni,Tahtay haya,1987,9,39
Tigray,Endamehoni,Tahtay haya,1993,8,39
Tigray,Endamehoni,Tahtay haya,2015,7,39
Tigray,Endamehoni,Tahtay haya,1997,6,39
Tigray,Endamehoni,Tahtay haya,2017,5,39
Tigray,Endamehoni,Tahtay haya,2004,4,39
Tigray,Endamehoni,Tahtay haya,2011,3,39
Tigray,Endamehoni,Tahtay haya,2008,2,39
Tigray,Endamehoni,Tahtay haya,1987,1,39
Tigray,Endamehoni,Simret,1984,10,40
Tigray,Endamehoni,Simret,1990,9,40
Tigray,Endamehoni,Simret,1987,8,40
Tigray,Endamehoni,Simret,1997,7,40
Tigray,Endamehoni,Simret,1994,6,40
Tigray,Endamehoni,Simret,2008,5,40
Tigray,Endamehoni,Simret,2011,4,40
Tigray,Endamehoni,Simret,2014,3,40
Tigray,Endamehoni,Simret,2004,2,40
Tigray,Endamehoni,Simret,2017,1,40
Tigray,Endamehoni,Meswaeti,1984,10,41
Tigray,Endamehoni,Meswaeti,1990,9,41
Tigray,Endamehoni,Meswaeti,1994,8,41
Tigray,Endamehoni,Meswaeti,1997,7,41
Tigray,Endamehoni,Meswaeti,1987,6,41
Tigray,Endamehoni,Meswaeti,2014,5,41
Tigray,Endamehoni,Meswaeti,2011,4,41
Tigray,Endamehoni,Meswaeti,2008,3,41
Tigray,Endamehoni,Meswaeti,2004,2,41
Tigray,Endamehoni,Meswaeti,2017,1,41
Tigray,Endamehoni,Mekan,1984,10,42
Tigray,Endamehoni,Mekan,1990,9,42
Tigray,Endamehoni,Mekan,1987,8,42
Tigray,Endamehoni,Mekan,1997,7,42
Tigray,Endamehoni,Mekan,1994,6,42
Tigray,Endamehoni,Mekan,2011,5,42
Tigray,Endamehoni,Mekan,2008,4,42
Tigray,Endamehoni,Mekan,2004,3,42
Tigray,Endamehoni,Mekan,2017,2,42
Tigray,Endamehoni,Mekan,2014,1,42
Tigray,Endamehoni,Hizba Teklehymanot,1984,10,43
Tigray,Endamehoni,Hizba Teklehymanot,1987,9,43
Tigray,Endamehoni,Hizba Teklehymanot,1990,8,43
Tigray,Endamehoni,Hizba Teklehymanot,1994,7,43
Tigray,Endamehoni,Hizba Teklehymanot,1997,6,43
Tigray,Endamehoni,Hizba Teklehymanot,2004,5,43
Tigray,Endamehoni,Hizba Teklehymanot,2014,4,43
Tigray,Endamehoni,Hizba Teklehymanot,2011,3,43
Tigray,Endamehoni,Hizba Teklehymanot,2008,2,43
Tigray,Endamehoni,Hizba Teklehymanot,2017,1,43
Tigray,Ambalaje,Tekea,1984,10,44
Tigray,Ambalaje,Tekea,1987,9,44
Tigray,Ambalaje,Tekea,1994,8,44
Tigray,Ambalaje,Tekea,1990,7,44
Tigray,Ambalaje,Tekea,2004,6,44
Tigray,Ambalaje,Tekea,2012,5,44
Tigray,Ambalaje,Tekea,2001,4,44
Tigray,Ambalaje,Tekea,2009,3,44
Tigray,Ambalaje,Tekea,1992,2,44
Tigray,Ambalaje,Tekea,1995,1,44
Tigray,Wukro,Debrebrhan,1984,10,45
Tigray,Wukro,Debrebrhan,2015,9,45
Tigray,Wukro,Debrebrhan,1990,8,45
Tigray,Wukro,Debrebrhan,2009,7,45
Tigray,Wukro,Debrebrhan,2000,6,45
Tigray,Wukro,Debrebrhan,1987,5,45
Tigray,Wukro,Debrebrhan,1994,4,45
Tigray,Wukro,Debrebrhan,2005,3,45
Tigray,Wukro,Debrebrhan,2006,2,45
Tigray,Wukro,Debrebrhan,2018,1,45
Tigray,Wukro,Hayelom,1984,10,46
Tigray,Wukro,Hayelom,2013,9,46
Tigray,Wukro,Hayelom,1990,8,46
Tigray,Wukro,Hayelom,1993,7,46
Tigray,Wukro,Hayelom,2002,6,46
Tigray,Wukro,Hayelom,1997,5,46
Tigray,Wukro,Hayelom,1998,4,46
Tigray,Wukro,Hayelom,2016,3,46
Tigray,Wukro,Hayelom,2012,2,46
Tigray,Wukro,Hayelom,2009,1,46
Tigray,Wukro,Hadnet,1990,10,47
Tigray,Wukro,Hadnet,1984,9,47
Tigray,Wukro,Hadnet,1989,8,47
Tigray,Wukro,Hadnet,2015,7,47
Tigray,Wukro,Hadnet,2017,6,47
Tigray,Wukro,Hadnet,1987,5,47
Tigray,Wukro,Hadnet,1991,4,47
Tigray,Wukro,Hadnet,1997,3,47
Tigray,Wukro,Hadnet,2001,2,47
Tigray,Wukro,Hadnet,2011,1,47
Tigray,Ambalaje,Seret,1984,10,48
Tigray,Ambalaje,Seret,1987,9,48
Tigray,Ambalaje,Seret,1996,8,48
Tigray,Ambalaje,Seret,1994,7,48
Tigray,Ambalaje,Seret,1999,6,48
Tigray,Ambalaje,Seret,2015,5,48
Tigray,Ambalaje,Seret,2005,4,48
Tigray,Ambalaje,Seret,2017,3,48
Tigray,Ambalaje,Seret,2003,2,48
Tigray,Ambalaje,Seret,2007,1,48
Tigray,Samre,Cheli,1984,10,49
Tigray,Samre,Cheli,2004,9,49
Tigray,Samre,Cheli,1998,8,49
Tigray,Samre,Cheli,2015,7,49
Tigray,Samre,Cheli,2002,6,49
Tigray,Samre,Cheli,2011,5,49
Tigray,Samre,Cheli,2007,4,49
Tigray,Samre,Cheli,1987,3,49
Tigray,Samre,Cheli,1994,2,49
Tigray,Samre,Cheli,2005,1,49
Tigray,Samre,Esiret,1984,10,50
Tigray,Samre,Esiret,1987,9,50
Tigray,Samre,Esiret,2015,8,50
Tigray,Samre,Esiret,1992,7,50
Tigray,Samre,Esiret,1997,6,50
Tigray,Samre,Esiret,1995,5,50
Tigray,Samre,Esiret,1990,4,50
Tigray,Samre,Esiret,2002,3,50
Tigray,Samre,Esiret,1991,2,50
Tigray,Samre,Esiret,2005,1,50
Tigray,Samre,Bamba,1984,10,51
Tigray,Samre,Bamba,1997,9,51
Tigray,Samre,Bamba,2015,8,51
Tigray,Samre,Bamba,2009,7,51
Tigray,Samre,Bamba,2002,6,51
Tigray,Samre,Bamba,1990,5,51
Tigray,Samre,Bamba,2000,4,51
Tigray,Samre,Bamba,2004,3,51
Tigray,Samre,Bamba,1987,2,51
Tigray,Samre,Bamba,2016,1,51
Amhara,Kemekem,Mitad,1984,10,52
Amhara,Kemekem,Mitad,2015,9,52
Amhara,Kemekem,Mitad,1991,8,52
Amhara,Kemekem,Mitad,1992,7,52
Amhara,Kemekem,Mitad,2017,6,52
Amhara,Kemekem,Mitad,2008,5,52
Amhara,Kemekem,Mitad,1996,4,52
Amhara,Kemekem,Mitad,2014,3,52
Amhara,Kemekem,Mitad,2007,2,52
Amhara,Kemekem,Mitad,2018,1,52
Amhara,Kemekem,Anigot,1984,10,53
Amhara,Kemekem,Anigot,1991,9,53
Amhara,Kemekem,Anigot,1989,8,53
Amhara,Kemekem,Anigot,1992,7,53
Amhara,Kemekem,Anigot,2014,6,53
Amhara,Kemekem,Anigot,2000,5,53
Amhara,Kemekem,Anigot,2001,4,53
Amhara,Kemekem,Anigot,2004,3,53
Amhara,Kemekem,Anigot,2012,2,53
Amhara,Kemekem,Anigot,2003,1,53
Amhara,Kemekem,Estifanos,1984,10,54
Amhara,Kemekem,Estifanos,1988,9,54
Amhara,Kemekem,Estifanos,2002,8,54
Amhara,Kemekem,Estifanos,1999,7,54
Amhara,Kemekem,Estifanos,1990,6,54
Amhara,Kemekem,Estifanos,2009,5,54
Amhara,Kemekem,Estifanos,2010,4,54
Amhara,Kemekem,Estifanos,2005,3,54
Amhara,Kemekem,Estifanos,2015,2,54
Amhara,Kemekem,Estifanos,2000,1,54
Amhara,Kemekem,Agela,1984,10,55
Amhara,Kemekem,Agela,1987,9,55
Amhara,Kemekem,Agela,2000,8,55
Amhara,Kemekem,Agela,1996,7,55
Amhara,Kemekem,Agela,1999,6,55
Amhara,Kemekem,Agela,2004,5,55
Amhara,Kemekem,Agela,2013,4,55
Amhara,Kemekem,Agela,2015,3,55
Amhara,Kemekem,Agela,1992,2,55
Amhara,Kemekem,Agela,1999,1,55
Amhara,Kemekem,shamo,1984,10,56
Amhara,Kemekem,shamo,1986,9,56
Amhara,Kemekem,shamo,2000,8,56
Amhara,Kemekem,shamo,1989,7,56
Amhara,Kemekem,shamo,1987,6,56
Amhara,Kemekem,shamo,2001,5,56
Amhara,Kemekem,shamo,1995,4,56
Amhara,Kemekem,shamo,2017,3,56
Amhara,Kemekem,shamo,2010,2,56
Amhara,Kemekem,shamo,2013,1,56
Amhara,Kemekem,Goza,1994,10,57
Amhara,Kemekem,Goza,1995,9,57
Amhara,Kemekem,Goza,2003,8,57
Amhara,Kemekem,Goza,2015,7,57
Amhara,Kemekem,Goza,2006,6,57
Amhara,Kemekem,Goza,2017,5,57
Amhara,Kemekem,Goza,1985,4,57
Amhara,Kemekem,Goza,1993,3,57
Amhara,Kemekem,Goza,1997,2,57
Amhara,Kemekem,Goza,1983,1,57
Amhara,Kemekem,Yifag Akababi,1984,10,58
Amhara,Kemekem,Yifag Akababi,2004,9,58
Amhara,Kemekem,Yifag Akababi,1990,8,58
Amhara,Kemekem,Yifag Akababi,2014,7,58
Amhara,Kemekem,Yifag Akababi,2010,6,58
Amhara,Kemekem,Yifag Akababi,1997,5,58
Amhara,Kemekem,Yifag Akababi,2017,4,58
Amhara,Kemekem,Yifag Akababi,1999,3,58
Amhara,Kemekem,Yifag Akababi,1994,2,58
Amhara,Kemekem,Yifag Akababi,1995,1,58
Amhara,Kemekem,Bilb Wuha,1991,10,59
Amhara,Kemekem,Bilb Wuha,1994,9,59
Amhara,Kemekem,Bilb Wuha,1984,8,59
Amhara,Kemekem,Bilb Wuha,2015,7,59
Amhara,Kemekem,Bilb Wuha,2004,6,59
Amhara,Kemekem,Bilb Wuha,1997,5,59
Amhara,Kemekem,Bilb Wuha,1998,4,59
Amhara,Kemekem,Bilb Wuha,1999,3,59
Amhara,Kemekem,Bilb Wuha,1993,2,59
Amhara,Kemekem,Bilb Wuha,2007,1,59
Amhara,Kemekem,Michel Debre,1984,10,60
Amhara,Kemekem,Michel Debre,2004,9,60
Amhara,Kemekem,Michel Debre,1997,8,60
Amhara,Kemekem,Michel Debre,2011,7,60
Amhara,Kemekem,Michel Debre,2013,6,60
Amhara,Kemekem,Michel Debre,2018,5,60
Amhara,Kemekem,Michel Debre,1991,4,60
Amhara,Kemekem,Michel Debre,2010,3,60
Amhara,Kemekem,Michel Debre,2012,2,60
Amhara,Kemekem,Michel Debre,2016,1,60
Tigray,Endamehoni,Tahtay haya,1984,10,61
Tigray,Endamehoni,Tahtay haya,1990,9,61
Tigray,Endamehoni,Tahtay haya,1993,8,61
Tigray,Endamehoni,Tahtay haya,2015,7,61
Tigray,Endamehoni,Tahtay haya,1997,6,61
Tigray,Endamehoni,Tahtay haya,2017,5,61
Tigray,Endamehoni,Tahtay haya,2004,4,61
Tigray,Endamehoni,Tahtay haya,2011,3,61
Tigray,Endamehoni,Tahtay haya,2008,2,61
Tigray,Endamehoni,Tahtay haya,1987,1,61
Tigray,Endamehoni,Meswaeti,1984,10,62
Tigray,Endamehoni,Meswaeti,1990,9,62
Tigray,Endamehoni,Meswaeti,1994,8,62
Tigray,Endamehoni,Meswaeti,1997,7,62
Tigray,Endamehoni,Meswaeti,1987,6,62
Tigray,Endamehoni,Meswaeti,2014,5,62
Tigray,Endamehoni,Meswaeti,2011,4,62
Tigray,Endamehoni,Meswaeti,2008,3,62
Tigray,Endamehoni,Meswaeti,2004,2,62
Tigray,Endamehoni,Meswaeti,2017,1,62
Tigray,Alamata,Sorya,1984,10,63
Tigray,Alamata,Sorya,1987,9,63
Tigray,Alamata,Sorya,2015,8,63
Tigray,Alamata,Sorya,1993,7,63
Tigray,Alamata,Sorya,2001,6,63
Tigray,Alamata,Sorya,2004,5,63
Tigray,Alamata,Sorya,2008,4,63
Tigray,Alamata,Sorya,1996,3,63
Tigray,Alamata,Sorya,2011,2,63
Tigray,Alamata,Sorya,1990,1,63
Tigray,Alamata,Tsetsera,1984,10,64
Tigray,Alamata,Tsetsera,1987,9,64
Tigray,Alamata,Tsetsera,1993,8,64
Tigray,Alamata,Tsetsera,1998,7,64
Tigray,Alamata,Tsetsera,2015,6,64
Tigray,Alamata,Tsetsera,2001,5,64
Tigray,Alamata,Tsetsera,2004,4,64
Tigray,Alamata,Tsetsera,1995,3,64
Tigray,Alamata,Tsetsera,2008,2,64
Tigray,Alamata,Tsetsera,2013,1,64
Tigray,Alamata,Tao,1984,10,65
Tigray,Alamata,Tao,1990,9,65
Tigray,Alamata,Tao,1997,8,65
Tigray,Alamata,Tao,2015,7,65
Tigray,Alamata,Tao,2004,6,65
Tigray,Alamata,Tao,2013,5,65
Tigray,Alamata,Tao,1998,4,65
Tigray,Alamata,Tao,2007,3,65
Tigray,Alamata,Tao,1999,2,65
Tigray,Alamata,Tao,2001,1,65
Tigray,Ofla,Fala,1984,10,66
Tigray,Ofla,Fala,1987,9,66
Tigray,Ofla,Fala,2015,8,66
Tigray,Ofla,Fala,1990,7,66
Tigray,Ofla,Fala,2007,6,66
Tigray,Ofla,Fala,2004,5,66
Tigray,Ofla,Fala,2011,4,66
Tigray,Ofla,Fala,2001,3,66
Tigray,Ofla,Fala,2003,2,66
Tigray,Ofla,Fala,2008,1,66
Tigray,Ofla,Zata,1984,10,67
Tigray,Ofla,Zata,1987,9,67
Tigray,Ofla,Zata,2015,8,67
Tigray,Ofla,Zata,1995,7,67
Tigray,Ofla,Zata,2007,6,67
Tigray,Ofla,Zata,1997,5,67
Tigray,Ofla,Zata,2004,4,67
Tigray,Ofla,Zata,1993,3,67
Tigray,Ofla,Zata,1995,2,67
Tigray,Ofla,Zata,2001,1,67
Tigray,Ofla,Adishimbirkti,1984,10,68
Tigray,Ofla,Adishimbirkti,1987,9,68
Tigray,Ofla,Adishimbirkti,2015,8,68
Tigray,Ofla,Adishimbirkti,2007,7,68
Tigray,Ofla,Adishimbirkti,1990,6,68
Tigray,Ofla,Adishimbirkti,1997,5,68
Tigray,Ofla,Adishimbirkti,2004,4,68
Tigray,Ofla,Adishimbirkti,1993,3,68
Tigray,Ofla,Adishimbirkti,2010,2,68
Tigray,Ofla,Adishimbirkti,2001,1,68
Tigray,Ofla,Dinkashena,1984,10,69
Tigray,Ofla,Dinkashena,1987,9,69
Tigray,Ofla,Dinkashena,2015,8,69
Tigray,Ofla,Dinkashena,1998,7,69
Tigray,Ofla,Dinkashena,1993,6,69
Tigray,Ofla,Dinkashena,1985,5,69
Tigray,Ofla,Dinkashena,2008,4,69
Tigray,Ofla,Dinkashena,2004,3,69
Tigray,Ofla,Dinkashena,2002,2,69
Tigray,Ofla,Dinkashena,2018,1,69
Tigray,Ofla,Darubekeda,1984,10,70
Tigray,Ofla,Darubekeda,1987,9,70
Tigray,Ofla,Darubekeda,2015,8,70
Tigray,Ofla,Darubekeda,1998,7,70
Tigray,Ofla,Darubekeda,2007,6,70
Tigray,Ofla,Darubekeda,1994,5,70
Tigray,Ofla,Darubekeda,2001,4,70
Tigray,Ofla,Darubekeda,1990,3,70
Tigray,Ofla,Darubekeda,2004,2,70
Tigray,Ofla,Darubekeda,1993,1,70
Amhara,Kemekem,Wusha Tires,1984,10,71
Amhara,Kemekem,Wusha Tires,1990,9,71
Amhara,Kemekem,Wusha Tires,1993,8,71
Amhara,Kemekem,Wusha Tires,2002,7,71
Amhara,Kemekem,Wusha Tires,1997,6,71
Amhara,Kemekem,Wusha Tires,2001,5,71
Amhara,Kemekem,Wusha Tires,1991,4,71
Amhara,Kemekem,Wusha Tires,2006,3,71
Amhara,Kemekem,Wusha Tires,2004,2,71
Amhara,Kemekem,Wusha Tires,2015,1,71
Amhara,Kemekem,Asta,1984,10,72
Amhara,Kemekem,Asta,1999,9,72
Amhara,Kemekem,Asta,1995,8,72
Amhara,Kemekem,Asta,1998,7,72
Amhara,Kemekem,Asta,2004,6,72
Amhara,Kemekem,Asta,1994,5,72
Amhara,Kemekem,Asta,2008,4,72
Amhara,Kemekem,Asta,2009,3,72
Amhara,Kemekem,Asta,1987,2,72
Amhara,Kemekem,Asta,2012,1,72
Tigray,Kola Temben,Santa gelebeda,1983,10,73
Tigray,Kola Temben,Santa gelebeda,2006,9,73
Tigray,Kola Temben,Santa gelebeda,1991,8,73
Tigray,Kola Temben,Santa gelebeda,2001,7,73
Tigray,Kola Temben,Santa gelebeda,2003,6,73
Tigray,Kola Temben,Santa gelebeda,1996,5,73
Tigray,Kola Temben,Santa gelebeda,2014,4,73
Tigray,Kola Temben,Santa gelebeda,2016,3,73
Tigray,Kola Temben,Santa gelebeda,1987,2,73
Tigray,Kola Temben,Santa gelebeda,2008,1,73
Tigray,Kola Temben,Mtsai werki,1983,10,74
Tigray,Kola Temben,Mtsai werki,1986,9,74
Tigray,Kola Temben,Mtsai werki,1989,8,74
Tigray,Kola Temben,Mtsai werki,1996,7,74
Tigray,Kola Temben,Mtsai werki,2006,6,74
Tigray,Kola Temben,Mtsai werki,1992,5,74
Tigray,Kola Temben,Mtsai werki,2000,4,74
Tigray,Kola Temben,Mtsai werki,2002,3,74
Tigray,Kola Temben,Mtsai werki,2013,2,74
Tigray,Kola Temben,Mtsai werki,2017,1,74
Tigray,Kola Temben,Guroro,1983,10,75
Tigray,Kola Temben,Guroro,2007,9,75
Tigray,Kola Temben,Guroro,2010,8,75
Tigray,Kola Temben,Guroro,2001,7,75
Tigray,Kola Temben,Guroro,1999,6,75
Tigray,Kola Temben,Guroro,2005,5,75
Tigray,Kola Temben,Guroro,2013,4,75
Tigray,Kola Temben,Guroro,1995,3,75
Tigray,Kola Temben,Guroro,2017,2,75
Tigray,Kola Temben,Guroro,2013,1,75
Tigray,Kola Temben,Debrinetseb,1983,10,76
Tigray,Kola Temben,Debrinetseb,1984,9,76
Tigray,Kola Temben,Debrinetseb,1986,8,76
Tigray,Kola Temben,Debrinetseb,2016,7,76
Tigray,Kola Temben,Debrinetseb,1993,6,76
Tigray,Kola Temben,Debrinetseb,2001,5,76
Tigray,Kola Temben,Debrinetseb,1988,4,76
Tigray,Kola Temben,Debrinetseb,2015,3,76
Tigray,Kola Temben,Debrinetseb,2013,2,76
Tigray,Kola Temben,Debrinetseb,2005,1,76
Tigray,Kola Temben,Wuhdet,1983,10,77
Tigray,Kola Temben,Wuhdet,1990,9,77
Tigray,Kola Temben,Wuhdet,1996,8,77
Tigray,Kola Temben,Wuhdet,1988,7,77
Tigray,Kola Temben,Wuhdet,1998,6,77
Tigray,Kola Temben,Wuhdet,1986,5,77
Tigray,Kola Temben,Wuhdet,1989,4,77
Tigray,Kola Temben,Wuhdet,2007,3,77
Tigray,Kola Temben,Wuhdet,2016,2,77
Tigray,Kola Temben,Wuhdet,2017,1,77
Tigray,Kola Temben,Smret,1983,10,78
Tigray,Kola Temben,Smret,1992,9,78
Tigray,Kola Temben,Smret,2000,8,78
Tigray,Kola Temben,Smret,1989,7,78
Tigray,Kola Temben,Smret,2006,6,78
Tigray,Kola Temben,Smret,1994,5,78
Tigray,Kola Temben,Smret,1998,4,78
Tigray,Kola Temben,Smret,2013,3,78
Tigray,Kola Temben,Smret,2015,2,78
Tigray,Kola Temben,Smret,2016,1,78
Tigray,Kola Temben,Guya,1983,10,79
Tigray,Kola Temben,Guya,1996,9,79
Tigray,Kola Temben,Guya,2006,8,79
Tigray,Kola Temben,Guya,2013,7,79
Tigray,Kola Temben,Guya,1989,6,79
Tigray,Kola Temben,Guya,2010,5,79
Tigray,Kola Temben,Guya,1986,4,79
Tigray,Kola Temben,Guya,1990,3,79
Tigray,Kola Temben,Guya,1999,2,79
Tigray,Kola Temben,Guya,1993,1,79
Amhara,Kemekem,Libo,1984,10,80
Amhara,Kemekem,Libo,1988,9,80
Amhara,Kemekem,Libo,1994,8,80
Amhara,Kemekem,Libo,1998,7,80
Amhara,Kemekem,Libo,2015,6,80
Amhara,Kemekem,Libo,2018,5,80
Amhara,Kemekem,Libo,2011,4,80
Amhara,Kemekem,Libo,2010,3,80
Amhara,Kemekem,Libo,2002,2,80
Amhara,Kemekem,Libo,2001,1,80
Amhara,Kemekem,Derita,1986,10,81
Amhara,Kemekem,Derita,1984,9,81
Amhara,Kemekem,Derita,1989,8,81
Amhara,Kemekem,Derita,1997,7,81
Amhara,Kemekem,Derita,2002,6,81
Amhara,Kemekem,Derita,2000,5,81
Amhara,Kemekem,Derita,2014,4,81
Amhara,Kemekem,Derita,2001,3,81
Amhara,Kemekem,Derita,2013,2,81
Amhara,Kemekem,Derita,2007,1,81
Amhara,Kemekem,Mendere Mariam,1984,10,82
Amhara,Kemekem,Mendere Mariam,2013,9,82
Amhara,Kemekem,Mendere Mariam,1994,8,82
Amhara,Kemekem,Mendere Mariam,1987,7,82
Amhara,Kemekem,Mendere Mariam,2015,6,82
Amhara,Kemekem,Mendere Mariam,2002,5,82
Amhara,Kemekem,Mendere Mariam,1999,4,82
Amhara,Kemekem,Mendere Mariam,1996,3,82
Amhara,Kemekem,Mendere Mariam,2003,2,82
Amhara,Kemekem,Mendere Mariam,2005,1,82
Amhara,Kemekem,Ginaza,1989,10,83
Amhara,Kemekem,Ginaza,2002,9,83
Amhara,Kemekem,Ginaza,1992,8,83
Amhara,Kemekem,Ginaza,1990,7,83
Amhara,Kemekem,Ginaza,2014,6,83
Amhara,Kemekem,Ginaza,2009,5,83
Amhara,Kemekem,Ginaza,2003,4,83
Amhara,Kemekem,Ginaza,1998,3,83
Amhara,Kemekem,Ginaza,1993,2,83
Amhara,Kemekem,Ginaza,1997,1,83
Amhara,Kemekem,Tara Gedam,1984,10,84
Amhara,Kemekem,Tara Gedam,1990,9,84
Amhara,Kemekem,Tara Gedam,1987,8,84
Amhara,Kemekem,Tara Gedam,2003,7,84
Amhara,Kemekem,Tara Gedam,1998,6,84
Amhara,Kemekem,Tara Gedam,1994,5,84
Amhara,Kemekem,Tara Gedam,1992,4,84
Amhara,Kemekem,Tara Gedam,2008,3,84
Amhara,Kemekem,Tara Gedam,2017,2,84
Amhara,Kemekem,Tara Gedam,2015,1,84
Amhara,Kemekem,Shehoch Tehara,1985,10,85
Amhara,Kemekem,Shehoch Tehara,1991,9,85
Amhara,Kemekem,Shehoch Tehara,1988,8,85
Amhara,Kemekem,Shehoch Tehara,2012,7,85
Amhara,Kemekem,Shehoch Tehara,2009,6,85
Amhara,Kemekem,Shehoch Tehara,2015,5,85
Amhara,Kemekem,Shehoch Tehara,2004,4,85
Amhara,Kemekem,Shehoch Tehara,2011,3,85
Amhara,Kemekem,Shehoch Tehara,1999,2,85
Amhara,Kemekem,Shehoch Tehara,1995,1,85
Amhara,Kemekem,Tibaga,1985,10,86
Amhara,Kemekem,Tibaga,1991,9,86
Amhara,Kemekem,Tibaga,1992,8,86
Amhara,Kemekem,Tibaga,1994,7,86
Amhara,Kemekem,Tibaga,1998,6,86
Amhara,Kemekem,Tibaga,2011,5,86
Amhara,Kemekem,Tibaga,2001,4,86
Amhara,Kemekem,Tibaga,2005,3,86
Amhara,Kemekem,Tibaga,2009,2,86
Amhara,Kemekem,Tibaga,2013,1,86
Tigray,Hawzen,Selam,1984,10,87
Tigray,Hawzen,Selam,1986,9,87
Tigray,Hawzen,Selam,2007,8,87
Tigray,Hawzen,Selam,1997,7,87
Tigray,Hawzen,Selam,2015,6,87
Tigray,Hawzen,Selam,2004,5,87
Tigray,Hawzen,Selam,2011,4,87
Tigray,Hawzen,Selam,1989,3,87
Tigray,Hawzen,Selam,2013,2,87
Tigray,Hawzen,Selam,2016,1,87
Tigray,Hawzen,Debreselam,1984,10,88
Tigray,Hawzen,Debreselam,1987,9,88
Tigray,Hawzen,Debreselam,2002,8,88
Tigray,Hawzen,Debreselam,1994,7,88
Tigray,Hawzen,Debreselam,1990,6,88
Tigray,Hawzen,Debreselam,1989,5,88
Tigray,Hawzen,Debreselam,2017,4,88
Tigray,Hawzen,Debreselam,2004,3,88
Tigray,Hawzen,Debreselam,1999,2,88
Tigray,Hawzen,Debreselam,1997,1,88
Tigray,Hintalo Wajerat,Metkel,1984,10,89
Tigray,Hintalo Wajerat,Metkel,1987,9,89
Tigray,Hintalo Wajerat,Metkel,1990,8,89
Tigray,Hintalo Wajerat,Metkel,2015,7,89
Tigray,Hintalo Wajerat,Metkel,2002,6,89
Tigray,Hintalo Wajerat,Metkel,2000,5,89
Tigray,Hintalo Wajerat,Metkel,2010,4,89
Tigray,Hintalo Wajerat,Metkel,2013,3,89
Tigray,Hintalo Wajerat,Metkel,1998,2,89
Tigray,Hintalo Wajerat,Metkel,1993,1,89
Tigray,Hawzen,Qoraro,1984,10,90
Tigray,Hawzen,Qoraro,1985,9,90
Tigray,Hawzen,Qoraro,1987,8,90
Tigray,Hawzen,Qoraro,2014,7,90
Tigray,Hawzen,Qoraro,1997,6,90
Tigray,Hawzen,Qoraro,2017,5,90
Tigray,Hawzen,Qoraro,2004,4,90
Tigray,Hawzen,Qoraro,1999,3,90
Tigray,Hawzen,Qoraro,1994,2,90
Tigray,Hawzen,Qoraro,2008,1,90
Tigray,Hintalo Wajerat,Hareko,1984,10,91
Tigray,Hintalo Wajerat,Hareko,1985,9,91
Tigray,Hintalo Wajerat,Hareko,1995,8,91
Tigray,Hintalo Wajerat,Hareko,1990,7,91
Tigray,Hintalo Wajerat,Hareko,2004,6,91
Tigray,Hintalo Wajerat,Hareko,2015,5,91
Tigray,Hintalo Wajerat,Hareko,2000,4,91
Tigray,Hintalo Wajerat,Hareko,2002,3,91
Tigray,Hintalo Wajerat,Hareko,1992,2,91
Tigray,Hintalo Wajerat,Hareko,2018,1,91
Tigray,Hintalo Wajerat,Fikre-Alem,1984,10,92
Tigray,Hintalo Wajerat,Fikre-Alem,1987,9,92
Tigray,Hintalo Wajerat,Fikre-Alem,2014,8,92
Tigray,Hintalo Wajerat,Fikre-Alem,1990,7,92
Tigray,Hintalo Wajerat,Fikre-Alem,1994,6,92
Tigray,Hintalo Wajerat,Fikre-Alem,2004,5,92
Tigray,Hintalo Wajerat,Fikre-Alem,1999,4,92
Tigray,Hintalo Wajerat,Fikre-Alem,1992,3,92
Tigray,Hintalo Wajerat,Fikre-Alem,1996,2,92
Tigray,Hintalo Wajerat,Fikre-Alem,2016,1,92
Tigray,Hintalo Wajerat,Hagere-Selam,1984,10,93
Tigray,Hintalo Wajerat,Hagere-Selam,1987,9,93
Tigray,Hintalo Wajerat,Hagere-Selam,2014,8,93
Tigray,Hintalo Wajerat,Hagere-Selam,1993,7,93
Tigray,Hintalo Wajerat,Hagere-Selam,1994,6,93
Tigray,Hintalo Wajerat,Hagere-Selam,2005,5,93
Tigray,Hintalo Wajerat,Hagere-Selam,2002,4,93
Tigray,Hintalo Wajerat,Hagere-Selam,2008,3,93
Tigray,Hintalo Wajerat,Hagere-Selam,1997,2,93
Tigray,Hintalo Wajerat,Hagere-Selam,1990,1,93
Tigray,Hawzen,Debrebirhan,1984,10,94
Tigray,Hawzen,Debrebirhan,1987,9,94
Tigray,Hawzen,Debrebirhan,1999,8,94
Tigray,Hawzen,Debrebirhan,1997,7,94
Tigray,Hawzen,Debrebirhan,2015,6,94
Tigray,Hawzen,Debrebirhan,2007,5,94
Tigray,Hawzen,Debrebirhan,2010,4,94
Tigray,Hawzen,Debrebirhan,1988,3,94
Tigray,Hawzen,Debrebirhan,1993,2,94
Tigray,Hawzen,Debrebirhan,1994,1,94
Tigray,Hawzen,Mozutey,1984,10,95
Tigray,Hawzen,Mozutey,1987,9,95
Tigray,Hawzen,Mozutey,1989,8,95
Tigray,Hawzen,Mozutey,1999,7,95
Tigray,Hawzen,Mozutey,2008,6,95
Tigray,Hawzen,Mozutey,1993,5,95
Tigray,Hawzen,Mozutey,2004,4,95
Tigray,Hawzen,Mozutey,2015,3,95
Tigray,Hawzen,Mozutey,2006,2,95
Tigray,Hawzen,Mozutey,2016,1,95
Tigray,Tanku Abergele,Hadashtekli,1983,10,96
Tigray,Tanku Abergele,Hadashtekli,1996,9,96
Tigray,Tanku Abergele,Hadashtekli,2001,8,96
Tigray,Tanku Abergele,Hadashtekli,2014,7,96
Tigray,Tanku Abergele,Hadashtekli,2008,6,96
Tigray,Tanku Abergele,Hadashtekli,2011,5,96
Tigray,Tanku Abergele,Hadashtekli,2016,4,96
Tigray,Tanku Abergele,Hadashtekli,2003,3,96
Tigray,Tanku Abergele,Hadashtekli,1989,2,96
Tigray,Tanku Abergele,Hadashtekli,1990,1,96
Amhara,Ebenat,Mechena,1984,10,97
Amhara,Ebenat,Mechena,1986,9,97
Amhara,Ebenat,Mechena,1991,8,97
Amhara,Ebenat,Mechena,2001,7,97
Amhara,Ebenat,Mechena,1999,6,97
Amhara,Ebenat,Mechena,2002,5,97
Amhara,Ebenat,Mechena,2013,4,97
Amhara,Ebenat,Mechena,2008,3,97
Amhara,Ebenat,Mechena,2009,2,97
Amhara,Ebenat,Mechena,2016,1,97
Amhara,Ebenat,Ader Seg,1984,10,98
Amhara,Ebenat,Ader Seg,1986,9,98
Amhara,Ebenat,Ader Seg,1997,8,98
Amhara,Ebenat,Ader Seg,2002,7,98
Amhara,Ebenat,Ader Seg,2000,6,98
Amhara,Ebenat,Ader Seg,2004,5,98
Amhara,Ebenat,Ader Seg,1998,4,98
Amhara,Ebenat,Ader Seg,2008,3,98
Amhara,Ebenat,Ader Seg,2006,2,98
Amhara,Ebenat,Ader Seg,2015,1,98
Amhara,Ebenat,Tigage,1984,10,99
Amhara,Ebenat,Tigage,1986,9,99
Amhara,Ebenat,Tigage,1992,8,99
Amhara,Ebenat,Tigage,1997,7,99
Amhara,Ebenat,Tigage,1989,6,99
Amhara,Ebenat,Tigage,2002,5,99
Amhara,Ebenat,Tigage,2004,4,99
Amhara,Ebenat,Tigage,2014,3,99
Amhara,Ebenat,Tigage,2018,2,99
Amhara,Ebenat,Tigage,2016,1,99
Amhara,Ebenat,Deber Aba Jale,1987,10,100
Amhara,Ebenat,Deber Aba Jale,1985,9,100
Amhara,Ebenat,Deber Aba Jale,2003,8,100
Amhara,Ebenat,Deber Aba Jale,1999,7,100
Amhara,Ebenat,Deber Aba Jale,2011,6,100
Amhara,Ebenat,Deber Aba Jale,2007,5,100
Amhara,Ebenat,Deber Aba Jale,2006,4,100
Amhara,Ebenat,Deber Aba Jale,2018,3,100
Amhara,Ebenat,Deber Aba Jale,1997,2,100
Amhara,Ebenat,Deber Aba Jale,2012,1,100
Amhara,Ebenat,Tara Senba,1985,10,101
Amhara,Ebenat,Tara Senba,1984,9,101
Amhara,Ebenat,Tara Senba,1987,8,101
Amhara,Ebenat,Tara Senba,1995,7,101
Amhara,Ebenat,Tara Senba,1990,6,101
Amhara,Ebenat,Tara Senba,2011,5,101
Amhara,Ebenat,Tara Senba,1999,4,101
Amhara,Ebenat,Tara Senba,2003,3,101
Amhara,Ebenat,Tara Senba,2007,2,101
Amhara,Ebenat,Tara Senba,2015,1,101
Amhara,Ebenat,Aqua Shumoch,1984,10,102
Amhara,Ebenat,Aqua Shumoch,1985,9,102
Amhara,Ebenat,Aqua Shumoch,1988,8,102
Amhara,Ebenat,Aqua Shumoch,1990,7,102
Amhara,Ebenat,Aqua Shumoch,2004,6,102
Amhara,Ebenat,Aqua Shumoch,2014,5,102
Amhara,Ebenat,Aqua Shumoch,2015,4,102
Amhara,Ebenat,Aqua Shumoch,2018,3,102
Amhara,Ebenat,Aqua Shumoch,2012,2,102
Amhara,Ebenat,Aqua Shumoch,2002,1,102
Amhara,Ebenat,Amisetya,1985,10,103
Amhara,Ebenat,Amisetya,1987,9,103
Amhara,Ebenat,Amisetya,2012,8,103
Amhara,Ebenat,Amisetya,2011,7,103
Amhara,Ebenat,Amisetya,2013,6,103
Amhara,Ebenat,Amisetya,1999,5,103
Amhara,Ebenat,Amisetya,2015,4,103
Amhara,Ebenat,Amisetya,2000,3,103
Amhara,Ebenat,Amisetya,1997,2,103
Amhara,Ebenat,Amisetya,2009,1,103
Amhara,Ebenat,Niquara,1985,10,104
Amhara,Ebenat,Niquara,1988,9,104
Amhara,Ebenat,Niquara,2003,8,104
Amhara,Ebenat,Niquara,1991,7,104
Amhara,Ebenat,Niquara,1986,6,104
Amhara,Ebenat,Niquara,2005,5,104
Amhara,Ebenat,Niquara,2018,4,104
Amhara,Ebenat,Niquara,2013,3,104
Amhara,Ebenat,Niquara,2011,2,104
Amhara,Ebenat,Niquara,1990,1,104
Amhara,Ebenat,Jiman Deregeha,1988,10,105
Amhara,Ebenat,Jiman Deregeha,1999,9,105
Amhara,Ebenat,Jiman Deregeha,1987,8,105
Amhara,Ebenat,Jiman Deregeha,2017,7,105
Amhara,Ebenat,Jiman Deregeha,1985,6,105
Amhara,Ebenat,Jiman Deregeha,1984,5,105
Amhara,Ebenat,Jiman Deregeha,1993,4,105
Amhara,Ebenat,Jiman Deregeha,1986,3,105
Amhara,Ebenat,Jiman Deregeha,1991,2,105
Amhara,Ebenat,Jiman Deregeha,2004,1,105
Tigray,Medebay Zana,Deber kerbye,1984,10,106
Tigray,Medebay Zana,Deber kerbye,1991,9,106
Tigray,Medebay Zana,Deber kerbye,2018,8,106
Tigray,Medebay Zana,Deber kerbye,2001,7,106
Tigray,Medebay Zana,Deber kerbye,2012,6,106
Tigray,Medebay Zana,Deber kerbye,2016,5,106
Tigray,Medebay Zana,Deber kerbye,2017,4,106
Tigray,Medebay Zana,Deber kerbye,1998,3,106
Tigray,Medebay Zana,Deber kerbye,2002,2,106
Tigray,Medebay Zana,Deber kerbye,2012,1,106
Tigray,Medebay Zana,Mesehle,1984,10,107
Tigray,Medebay Zana,Mesehle,2016,9,107
Tigray,Medebay Zana,Mesehle,1992,8,107
Tigray,Medebay Zana,Mesehle,2001,7,107
Tigray,Medebay Zana,Mesehle,2006,6,107
Tigray,Medebay Zana,Mesehle,2017,5,107
Tigray,Medebay Zana,Mesehle,2009,4,107
Tigray,Medebay Zana,Mesehle,1991,3,107
Tigray,Medebay Zana,Mesehle,2002,2,107
Tigray,Medebay Zana,Mesehle,1987,1,107
Tigray,Medebay Zana,Adibearj,1984,10,108
Tigray,Medebay Zana,Adibearj,1997,9,108
Tigray,Medebay Zana,Adibearj,2002,8,108
Tigray,Medebay Zana,Adibearj,2007,7,108
Tigray,Medebay Zana,Adibearj,2014,6,108
Tigray,Medebay Zana,Adibearj,1990,5,108
Tigray,Medebay Zana,Adibearj,1993,4,108
Tigray,Medebay Zana,Adibearj,1991,3,108
Tigray,Medebay Zana,Adibearj,1994,2,108
Tigray,Medebay Zana,Adibearj,2010,1,108
Tigray,Medebay Zana,Nefasit,1984,10,109
Tigray,Medebay Zana,Nefasit,1983,9,109
Tigray,Medebay Zana,Nefasit,1991,8,109
Tigray,Medebay Zana,Nefasit,1989,7,109
Tigray,Medebay Zana,Nefasit,1999,6,109
Tigray,Medebay Zana,Nefasit,2001,5,109
Tigray,Medebay Zana,Nefasit,2011,4,109
Tigray,Medebay Zana,Nefasit,2017,3,109
Tigray,Medebay Zana,Nefasit,2018,2,109
Tigray,Medebay Zana,Nefasit,2009,1,109
Tigray,Ganta Afeshum,Adekiney,1990,10,110
Tigray,Ganta Afeshum,Adekiney,1984,9,110
Tigray,Ganta Afeshum,Adekiney,2002,8,110
Tigray,Ganta Afeshum,Adekiney,1987,7,110
Tigray,Ganta Afeshum,Adekiney,1989,6,110
Tigray,Ganta Afeshum,Adekiney,1983,5,110
Tigray,Ganta Afeshum,Adekiney,1997,4,110
Tigray,Ganta Afeshum,Adekiney,1999,3,110
Tigray,Ganta Afeshum,Adekiney,1994,2,110
Tigray,Ganta Afeshum,Adekiney,2014,1,110
Tigray,Ganta Afeshum,Wuhdet,1984,10,111
Tigray,Ganta Afeshum,Wuhdet,1983,9,111
Tigray,Ganta Afeshum,Wuhdet,1990,8,111
Tigray,Ganta Afeshum,Wuhdet,1994,7,111
Tigray,Ganta Afeshum,Wuhdet,1987,6,111
Tigray,Ganta Afeshum,Wuhdet,2007,5,111
Tigray,Ganta Afeshum,Wuhdet,2017,4,111
Tigray,Ganta Afeshum,Wuhdet,2004,3,111
Tigray,Ganta Afeshum,Wuhdet,2014,2,111
Tigray,Ganta Afeshum,Wuhdet,1998,1,111
Tigray,Ganta Afeshum,Simret-1,1988,10,112
Tigray,Ganta Afeshum,Simret-1,1990,9,112
Tigray,Ganta Afeshum,Simret-1,1984,8,112
Tigray,Ganta Afeshum,Simret-1,1993,7,112
Tigray,Ganta Afeshum,Simret-1,1987,6,112
Tigray,Ganta Afeshum,Simret-1,2016,5,112
Tigray,Ganta Afeshum,Simret-1,2007,4,112
Tigray,Ganta Afeshum,Simret-1,1999,3,112
Tigray,Ganta Afeshum,Simret-1,2018,2,112
Tigray,Ganta Afeshum,Simret-1,2008,1,112
Tigray,Werie Lehe,Enda-Felasi,1984,10,113
Tigray,Werie Lehe,Enda-Felasi,2002,9,113
Tigray,Werie Lehe,Enda-Felasi,1997,8,113
Tigray,Werie Lehe,Enda-Felasi,1994,7,113
Tigray,Werie Lehe,Enda-Felasi,2009,6,113
Tigray,Werie Lehe,Enda-Felasi,1991,5,113
Tigray,Werie Lehe,Enda-Felasi,1987,4,113
Tigray,Werie Lehe,Enda-Felasi,1989,3,113
Tigray,Werie Lehe,Enda-Felasi,2016,2,113
Tigray,Werie Lehe,Enda-Felasi,1990,1,113
Tigray,Werie Lehe,Tsae,1984,10,114
Tigray,Werie Lehe,Tsae,1989,9,114
Tigray,Werie Lehe,Tsae,1997,8,114
Tigray,Werie Lehe,Tsae,1994,7,114
Tigray,Werie Lehe,Tsae,1987,6,114
Tigray,Werie Lehe,Tsae,2015,5,114
Tigray,Werie Lehe,Tsae,1999,4,114
Tigray,Werie Lehe,Tsae,1990,3,114
Tigray,Werie Lehe,Tsae,2004,2,114
Tigray,Werie Lehe,Tsae,2001,1,114
Tigray,Tanku Abergele,Hadashtekli,1983,10,115
Tigray,Tanku Abergele,Hadashtekli,1996,9,115
Tigray,Tanku Abergele,Hadashtekli,2001,8,115
Tigray,Tanku Abergele,Hadashtekli,2014,7,115
Tigray,Tanku Abergele,Hadashtekli,2008,6,115
Tigray,Tanku Abergele,Hadashtekli,2011,5,115
Tigray,Tanku Abergele,Hadashtekli,2016,4,115
Tigray,Tanku Abergele,Hadashtekli,2003,3,115
Tigray,Tanku Abergele,Hadashtekli,1989,2,115
Tigray,Tanku Abergele,Hadashtekli,1990,1,115
Amhara,Ebenat,Balarab,1984,10,116
Amhara,Ebenat,Balarab,1987,9,116
Amhara,Ebenat,Balarab,1994,8,116
Amhara,Ebenat,Balarab,2014,7,116
Amhara,Ebenat,Balarab,1983,6,116
Amhara,Ebenat,Balarab,1997,5,116
Amhara,Ebenat,Balarab,2015,4,116
Amhara,Ebenat,Balarab,1986,3,116
Amhara,Ebenat,Balarab,2002,2,116
Amhara,Ebenat,Balarab,2004,1,116
Amhara,Ebenat,Aquha,1987,10,117
Amhara,Ebenat,Aquha,2002,9,117
Amhara,Ebenat,Aquha,1997,8,117
Amhara,Ebenat,Aquha,2004,7,117
Amhara,Ebenat,Aquha,1998,6,117
Amhara,Ebenat,Aquha,1993,5,117
Amhara,Ebenat,Aquha,2012,4,117
Amhara,Ebenat,Aquha,2014,3,117
Amhara,Ebenat,Aquha,2016,2,117
Amhara,Ebenat,Aquha,2017,1,117
Amhara,Ebenat,Gela Matebiya,1984,10,118
Amhara,Ebenat,Gela Matebiya,2002,9,118
Amhara,Ebenat,Gela Matebiya,1987,8,118
Amhara,Ebenat,Gela Matebiya,1986,7,118
Amhara,Ebenat,Gela Matebiya,1997,6,118
Amhara,Ebenat,Gela Matebiya,2004,5,118
Amhara,Ebenat,Gela Matebiya,2011,4,118
Amhara,Ebenat,Gela Matebiya,2006,3,118
Amhara,Ebenat,Gela Matebiya,2007,2,118
Amhara,Ebenat,Gela Matebiya,2013,1,118
Amhara,Ebenat,Ziha,1990,10,119
Amhara,Ebenat,Ziha,1984,9,119
Amhara,Ebenat,Ziha,1999,8,119
Amhara,Ebenat,Ziha,1986,7,119
Amhara,Ebenat,Ziha,1988,6,119
Amhara,Ebenat,Ziha,1989,5,119
Amhara,Ebenat,Ziha,1993,4,119
Amhara,Ebenat,Ziha,1998,3,119
Amhara,Ebenat,Ziha,1996,2,119
Amhara,Ebenat,Ziha,1995,1,119
Amhara,Enbise Sar Midir,Debre-Kidusan09,1984,10,120
Amhara,Enbise Sar Midir,Debre-Kidusan09,1988,9,120
Amhara,Enbise Sar Midir,Debre-Kidusan09,2017,8,120
Amhara,Enbise Sar Midir,Debre-Kidusan09,2015,7,120
Amhara,Enbise Sar Midir,Debre-Kidusan09,2002,6,120
Amhara,Enbise Sar Midir,Debre-Kidusan09,2004,5,120
Amhara,Enbise Sar Midir,Debre-Kidusan09,1998,4,120
Amhara,Enbise Sar Midir,Debre-Kidusan09,1993,3,120
Amhara,Enbise Sar Midir,Debre-Kidusan09,2018,2,120
Amhara,Enbise Sar Midir,Debre-Kidusan09,2007,1,120
Amhara,Ebenat,Abina,1985,10,121
Amhara,Ebenat,Abina,1988,9,121
Amhara,Ebenat,Abina,2003,8,121
Amhara,Ebenat,Abina,1984,7,121
Amhara,Ebenat,Abina,1991,6,121
Amhara,Ebenat,Abina,1987,5,121
Amhara,Ebenat,Abina,1989,4,121
Amhara,Ebenat,Abina,1999,3,121
Amhara,Ebenat,Abina,1990,2,121
Amhara,Ebenat,Abina,2000,1,121
Amhara,Kemekem,Keregna,1985,10,122
Amhara,Kemekem,Keregna,1984,9,122
Amhara,Kemekem,Keregna,1987,8,122
Amhara,Kemekem,Keregna,1989,7,122
Amhara,Kemekem,Keregna,2003,6,122
Amhara,Kemekem,Keregna,2005,5,122
Amhara,Kemekem,Keregna,1993,4,122
Amhara,Kemekem,Keregna,2007,3,122
Amhara,Kemekem,Keregna,2001,2,122
Amhara,Kemekem,Keregna,2016,1,122
Amhara,Kemekem,Mitad,1984,10,123
Amhara,Kemekem,Mitad,2015,9,123
Amhara,Kemekem,Mitad,1991,8,123
Amhara,Kemekem,Mitad,1992,7,123
Amhara,Kemekem,Mitad,2017,6,123
Amhara,Kemekem,Mitad,2008,5,123
Amhara,Kemekem,Mitad,1996,4,123
Amhara,Kemekem,Mitad,2014,3,123
Amhara,Kemekem,Mitad,2007,2,123
Amhara,Kemekem,Mitad,2018,1,123
Amhara,Kemekem,Estifanos,1984,10,124
Amhara,Kemekem,Estifanos,1988,9,124
Amhara,Kemekem,Estifanos,2002,8,124
Amhara,Kemekem,Estifanos,1999,7,124
Amhara,Kemekem,Estifanos,1990,6,124
Amhara,Kemekem,Estifanos,2009,5,124
Amhara,Kemekem,Estifanos,2010,4,124
Amhara,Kemekem,Estifanos,2005,3,124
Amhara,Kemekem,Estifanos,2015,2,124
Amhara,Kemekem,Estifanos,2000,1,124
Amhara,Kemekem,Anigot,1984,10,125
Amhara,Kemekem,Anigot,1991,9,125
Amhara,Kemekem,Anigot,1989,8,125
Amhara,Kemekem,Anigot,1992,7,125
Amhara,Kemekem,Anigot,2014,6,125
Amhara,Kemekem,Anigot,2000,5,125
Amhara,Kemekem,Anigot,2001,4,125
Amhara,Kemekem,Anigot,2004,3,125
Amhara,Kemekem,Anigot,2012,2,125
Amhara,Kemekem,Anigot,2003,1,125
Amhara,Kemekem,Ginaza,1990,10,126
Amhara,Kemekem,Ginaza,1992,9,126
Amhara,Kemekem,Ginaza,2002,8,126
Amhara,Kemekem,Ginaza,2008,7,126
Amhara,Kemekem,Ginaza,1991,6,126
Amhara,Kemekem,Ginaza,2013,5,126
Amhara,Kemekem,Ginaza,2012,4,126
Amhara,Kemekem,Ginaza,2004,3,126
Amhara,Kemekem,Ginaza,2004,2,126
Amhara,Kemekem,Ginaza,2004,1,126
Amhara,Enbise Sar Midir,Goshedur-033-,1984,10,127
Amhara,Enbise Sar Midir,Goshedur-033-,1990,9,127
Amhara,Enbise Sar Midir,Goshedur-033-,2001,8,127
Amhara,Enbise Sar Midir,Goshedur-033-,1987,7,127
Amhara,Enbise Sar Midir,Goshedur-033-,1992,6,127
Amhara,Enbise Sar Midir,Goshedur-033-,1999,5,127
Amhara,Enbise Sar Midir,Goshedur-033-,1994,4,127
Amhara,Enbise Sar Midir,Goshedur-033-,2015,3,127
Amhara,Enbise Sar Midir,Goshedur-033-,2011,2,127
Amhara,Enbise Sar Midir,Goshedur-033-,2017,1,127
Amhara,Enbise Sar Midir,Yetefet-021-,1984,10,128
Amhara,Enbise Sar Midir,Yetefet-021-,1988,9,128
Amhara,Enbise Sar Midir,Yetefet-021-,2001,8,128
Amhara,Enbise Sar Midir,Yetefet-021-,1990,7,128
Amhara,Enbise Sar Midir,Yetefet-021-,2011,6,128
Amhara,Enbise Sar Midir,Yetefet-021-,1993,5,128
Amhara,Enbise Sar Midir,Yetefet-021-,2014,4,128
Amhara,Enbise Sar Midir,Yetefet-021-,2002,3,128
Amhara,Enbise Sar Midir,Yetefet-021-,2017,2,128
Amhara,Enbise Sar Midir,Yetefet-021-,2015,1,128
Amhara,Enbise Sar Midir,Lul-025-,1984,10,129
Amhara,Enbise Sar Midir,Lul-025-,2014,9,129
Amhara,Enbise Sar Midir,Lul-025-,1991,8,129
Amhara,Enbise Sar Midir,Lul-025-,2001,7,129
Amhara,Enbise Sar Midir,Lul-025-,1987,6,129
Amhara,Enbise Sar Midir,Lul-025-,1997,5,129
Amhara,Enbise Sar Midir,Lul-025-,2000,4,129
Amhara,Enbise Sar Midir,Lul-025-,1990,3,129
Amhara,Enbise Sar Midir,Lul-025-,2003,2,129
Amhara,Enbise Sar Midir,Lul-025-,2011,1,129
Amhara,Enbise Sar Midir,Hagere-Selam-016-,1985,10,130
Amhara,Enbise Sar Midir,Hagere-Selam-016-,1988,9,130
Amhara,Enbise Sar Midir,Hagere-Selam-016-,2015,8,130
Amhara,Enbise Sar Midir,Hagere-Selam-016-,1990,7,130
Amhara,Enbise Sar Midir,Hagere-Selam-016-,2003,6,130
Amhara,Enbise Sar Midir,Hagere-Selam-016-,2006,5,130
Amhara,Enbise Sar Midir,Hagere-Selam-016-,1992,4,130
Amhara,Enbise Sar Midir,Hagere-Selam-016-,2014,3,130
Amhara,Enbise Sar Midir,Hagere-Selam-016-,2010,2,130
Amhara,Enbise Sar Midir,Hagere-Selam-016-,2018,1,130
Amhara,Shebel Berenta,Abrekuy,1984,10,131
Amhara,Shebel Berenta,Abrekuy,1987,9,131
Amhara,Shebel Berenta,Abrekuy,2000,8,131
Amhara,Shebel Berenta,Abrekuy,2002,7,131
Amhara,Shebel Berenta,Abrekuy,2001,6,131
Amhara,Shebel Berenta,Abrekuy,2015,5,131
Amhara,Shebel Berenta,Abrekuy,2003,4,131
Amhara,Shebel Berenta,Abrekuy,1993,3,131
Amhara,Shebel Berenta,Abrekuy,2010,2,131
Amhara,Shebel Berenta,Abrekuy,2018,1,131
Amhara,Shebel Berenta,Mozen,1984,10,132
Amhara,Shebel Berenta,Mozen,1987,9,132
Amhara,Shebel Berenta,Mozen,1990,8,132
Amhara,Shebel Berenta,Mozen,2015,7,132
Amhara,Shebel Berenta,Mozen,1995,6,132
Amhara,Shebel Berenta,Mozen,2001,5,132
Amhara,Shebel Berenta,Mozen,2003,4,132
Amhara,Shebel Berenta,Mozen,1997,3,132
Amhara,Shebel Berenta,Mozen,2002,2,132
Amhara,Shebel Berenta,Mozen,2012,1,132
Amhara,Enbise Sar Midir,Zobar-Yikuanda-028-,1984,10,133
Amhara,Enbise Sar Midir,Zobar-Yikuanda-028-,2015,9,133
Amhara,Enbise Sar Midir,Zobar-Yikuanda-028-,2014,8,133
Amhara,Enbise Sar Midir,Zobar-Yikuanda-028-,1987,7,133
Amhara,Enbise Sar Midir,Zobar-Yikuanda-028-,1994,6,133
Amhara,Enbise Sar Midir,Zobar-Yikuanda-028-,2002,5,133
Amhara,Enbise Sar Midir,Zobar-Yikuanda-028-,1997,4,133
Amhara,Enbise Sar Midir,Zobar-Yikuanda-028-,2001,3,133
Amhara,Enbise Sar Midir,Zobar-Yikuanda-028-,2016,2,133
Amhara,Enbise Sar Midir,Zobar-Yikuanda-028-,1986,1,133
Amhara,Enbise Sar Midir,Hagere-Genet-010-,1984,10,134
Amhara,Enbise Sar Midir,Hagere-Genet-010-,1987,9,134
Amhara,Enbise Sar Midir,Hagere-Genet-010-,2015,8,134
Amhara,Enbise Sar Midir,Hagere-Genet-010-,1991,7,134
Amhara,Enbise Sar Midir,Hagere-Genet-010-,2002,6,134
Amhara,Enbise Sar Midir,Hagere-Genet-010-,1997,5,134
Amhara,Enbise Sar Midir,Hagere-Genet-010-,1995,4,134
Amhara,Enbise Sar Midir,Hagere-Genet-010-,2018,3,134
Amhara,Enbise Sar Midir,Hagere-Genet-010-,2004,2,134
Amhara,Enbise Sar Midir,Hagere-Genet-010-,1999,1,134
Amhara,Enbise Sar Midir,Debremawie-017-,1984,10,135
Amhara,Enbise Sar Midir,Debremawie-017-,1987,9,135
Amhara,Enbise Sar Midir,Debremawie-017-,1993,8,135
Amhara,Enbise Sar Midir,Debremawie-017-,1995,7,135
Amhara,Enbise Sar Midir,Debremawie-017-,1994,6,135
Amhara,Enbise Sar Midir,Debremawie-017-,1999,5,135
Amhara,Enbise Sar Midir,Debremawie-017-,2003,4,135
Amhara,Enbise Sar Midir,Debremawie-017-,2015,3,135
Amhara,Enbise Sar Midir,Debremawie-017-,2018,2,135
Amhara,Enbise Sar Midir,Debremawie-017-,2013,1,135
Amhara,Enbise Sar Midir,Worya-Meskel-032-,1984,10,136
Amhara,Enbise Sar Midir,Worya-Meskel-032-,2014,9,136
Amhara,Enbise Sar Midir,Worya-Meskel-032-,2002,8,136
Amhara,Enbise Sar Midir,Worya-Meskel-032-,1991,7,136
Amhara,Enbise Sar Midir,Worya-Meskel-032-,1997,6,136
Amhara,Enbise Sar Midir,Worya-Meskel-032-,2004,5,136
Amhara,Enbise Sar Midir,Worya-Meskel-032-,1986,4,136
Amhara,Enbise Sar Midir,Worya-Meskel-032-,2015,3,136
Amhara,Enbise Sar Midir,Worya-Meskel-032-,1989,2,136
Amhara,Enbise Sar Midir,Worya-Meskel-032-,2017,1,136
Amhara,Ebenat,Selamaya,1984,10,137
Amhara,Ebenat,Selamaya,1986,9,137
Amhara,Ebenat,Selamaya,1998,8,137
Amhara,Ebenat,Selamaya,2006,7,137
Amhara,Ebenat,Selamaya,2003,6,137
Amhara,Ebenat,Selamaya,2008,5,137
Amhara,Ebenat,Selamaya,2004,4,137
Amhara,Ebenat,Selamaya,2001,3,137
Amhara,Ebenat,Selamaya,2012,2,137
Amhara,Ebenat,Selamaya,2007,1,137
Amhara,Shebel Berenta,Yedwuha,1984,10,138
Amhara,Shebel Berenta,Yedwuha,1988,9,138
Amhara,Shebel Berenta,Yedwuha,1989,8,138
Amhara,Shebel Berenta,Yedwuha,2015,7,138
Amhara,Shebel Berenta,Yedwuha,1993,6,138
Amhara,Shebel Berenta,Yedwuha,1996,5,138
Amhara,Shebel Berenta,Yedwuha,2013,4,138
Amhara,Shebel Berenta,Yedwuha,1999,3,138
Amhara,Shebel Berenta,Yedwuha,2003,2,138
Amhara,Shebel Berenta,Yedwuha,2018,1,138
Amhara,Shebel Berenta,Wobo,1984,10,139
Amhara,Shebel Berenta,Wobo,1987,9,139
Amhara,Shebel Berenta,Wobo,2014,8,139
Amhara,Shebel Berenta,Wobo,1999,7,139
Amhara,Shebel Berenta,Wobo,2003,6,139
Amhara,Shebel Berenta,Wobo,2018,5,139
Amhara,Shebel Berenta,Wobo,2017,4,139
Amhara,Shebel Berenta,Wobo,2009,3,139
Amhara,Shebel Berenta,Wobo,2011,2,139
Amhara,Shebel Berenta,Wobo,2015,1,139
Amhara,Enbise Sar Midir,Melabesh-015-,1984,10,140
Amhara,Enbise Sar Midir,Melabesh-015-,2014,9,140
Amhara,Enbise Sar Midir,Melabesh-015-,1999,8,140
Amhara,Enbise Sar Midir,Melabesh-015-,1987,7,140
Amhara,Enbise Sar Midir,Melabesh-015-,2017,6,140
Amhara,Enbise Sar Midir,Melabesh-015-,2002,5,140
Amhara,Enbise Sar Midir,Melabesh-015-,2005,4,140
Amhara,Enbise Sar Midir,Melabesh-015-,2016,3,140
Amhara,Enbise Sar Midir,Melabesh-015-,1994,2,140
Amhara,Enbise Sar Midir,Melabesh-015-,2012,1,140
Amhara,Enbise Sar Midir,Debre-Genet-018-,1984,10,141
Amhara,Enbise Sar Midir,Debre-Genet-018-,1988,9,141
Amhara,Enbise Sar Midir,Debre-Genet-018-,1987,8,141
Amhara,Enbise Sar Midir,Debre-Genet-018-,2014,7,141
Amhara,Enbise Sar Midir,Debre-Genet-018-,1993,6,141
Amhara,Enbise Sar Midir,Debre-Genet-018-,2003,5,141
Amhara,Enbise Sar Midir,Debre-Genet-018-,1991,4,141
Amhara,Enbise Sar Midir,Debre-Genet-018-,1999,3,141
Amhara,Enbise Sar Midir,Debre-Genet-018-,2002,2,141
Amhara,Enbise Sar Midir,Debre-Genet-018-,2017,1,141
Amhara,Enbise Sar Midir,Adisalem-020-,1984,10,142
Amhara,Enbise Sar Midir,Adisalem-020-,2014,9,142
Amhara,Enbise Sar Midir,Adisalem-020-,1987,8,142
Amhara,Enbise Sar Midir,Adisalem-020-,1991,7,142
Amhara,Enbise Sar Midir,Adisalem-020-,1998,6,142
Amhara,Enbise Sar Midir,Adisalem-020-,2001,5,142
Amhara,Enbise Sar Midir,Adisalem-020-,2003,4,142
Amhara,Enbise Sar Midir,Adisalem-020-,2009,3,142
Amhara,Enbise Sar Midir,Adisalem-020-,2017,2,142
Amhara,Enbise Sar Midir,Adisalem-020-,1994,1,142
Amhara,Shebel Berenta,Mergech,1984,10,143
Amhara,Shebel Berenta,Mergech,1987,9,143
Amhara,Shebel Berenta,Mergech,2004,8,143
Amhara,Shebel Berenta,Mergech,2003,7,143
Amhara,Shebel Berenta,Mergech,2015,6,143
Amhara,Shebel Berenta,Mergech,1997,5,143
Amhara,Shebel Berenta,Mergech,1990,4,143
Amhara,Shebel Berenta,Mergech,2008,3,143
Amhara,Shebel Berenta,Mergech,2010,2,143
Amhara,Shebel Berenta,Mergech,2002,1,143
Amhara,Shebel Berenta,Abaselima,1984,10,144
Amhara,Shebel Berenta,Abaselima,1987,9,144
Amhara,Shebel Berenta,Abaselima,1992,8,144
Amhara,Shebel Berenta,Abaselima,2015,7,144
Amhara,Shebel Berenta,Abaselima,2000,6,144
Amhara,Shebel Berenta,Abaselima,2001,5,144
Amhara,Shebel Berenta,Abaselima,1990,4,144
Amhara,Shebel Berenta,Abaselima,2002,3,144
Amhara,Shebel Berenta,Abaselima,2004,2,144
Amhara,Shebel Berenta,Abaselima,1989,1,144
Amhara,Enbise Sar Midir,Felegehiwot-022-,1984,10,145
Amhara,Enbise Sar Midir,Felegehiwot-022-,1987,9,145
Amhara,Enbise Sar Midir,Felegehiwot-022-,1993,8,145
Amhara,Enbise Sar Midir,Felegehiwot-022-,1990,7,145
Amhara,Enbise Sar Midir,Felegehiwot-022-,1992,6,145
Amhara,Enbise Sar Midir,Felegehiwot-022-,2014,5,145
Amhara,Enbise Sar Midir,Felegehiwot-022-,2004,4,145
Amhara,Enbise Sar Midir,Felegehiwot-022-,2015,3,145
Amhara,Enbise Sar Midir,Felegehiwot-022-,2017,2,145
Amhara,Enbise Sar Midir,Felegehiwot-022-,2005,1,145
Amhara,Kemekem,Agid,2001,10,146
Amhara,Kemekem,Agid,1984,9,146
Amhara,Kemekem,Agid,1987,8,146
Amhara,Kemekem,Agid,1996,7,146
Amhara,Kemekem,Agid,2009,6,146
Amhara,Kemekem,Agid,1999,5,146
Amhara,Kemekem,Agid,2018,4,146
Amhara,Kemekem,Agid,1986,3,146
Amhara,Kemekem,Agid,2011,2,146
Amhara,Kemekem,Agid,2008,1,146
Amhara,Ebenat,Serawudi,1983,10,147
Amhara,Ebenat,Serawudi,1984,9,147
Amhara,Ebenat,Serawudi,1993,8,147
Amhara,Ebenat,Serawudi,1999,7,147
Amhara,Ebenat,Serawudi,1995,6,147
Amhara,Ebenat,Serawudi,1996,5,147
Amhara,Ebenat,Serawudi,1990,4,147
Amhara,Ebenat,Serawudi,2000,3,147
Amhara,Ebenat,Serawudi,1994,2,147
Amhara,Ebenat,Serawudi,1991,1,147
Tigray,Werie Lehe,Enda-Felasi,1984,10,148
Tigray,Werie Lehe,Enda-Felasi,2002,9,148
Tigray,Werie Lehe,Enda-Felasi,1997,8,148
Tigray,Werie Lehe,Enda-Felasi,1994,7,148
Tigray,Werie Lehe,Enda-Felasi,2009,6,148
Tigray,Werie Lehe,Enda-Felasi,1991,5,148
Tigray,Werie Lehe,Enda-Felasi,1987,4,148
Tigray,Werie Lehe,Enda-Felasi,1989,3,148
Tigray,Werie Lehe,Enda-Felasi,2016,2,148
Tigray,Werie Lehe,Enda-Felasi,1990,1,148
Tigray,Werie Lehe,Tsae,1984,10,149
Tigray,Werie Lehe,Tsae,1989,9,149
Tigray,Werie Lehe,Tsae,1997,8,149
Tigray,Werie Lehe,Tsae,1994,7,149
Tigray,Werie Lehe,Tsae,1987,6,149
Tigray,Werie Lehe,Tsae,2015,5,149
Tigray,Werie Lehe,Tsae,1999,4,149
Tigray,Werie Lehe,Tsae,1990,3,149
Tigray,Werie Lehe,Tsae,2004,2,149
Tigray,Werie Lehe,Tsae,2001,1,149
Tigray,Kola Temben,Wuhdet,1983,10,150
Tigray,Kola Temben,Wuhdet,1990,9,150
Tigray,Kola Temben,Wuhdet,1996,8,150
Tigray,Kola Temben,Wuhdet,1988,7,150
Tigray,Kola Temben,Wuhdet,1998,6,150
Tigray,Kola Temben,Wuhdet,1986,5,150
Tigray,Kola Temben,Wuhdet,1989,4,150
Tigray,Kola Temben,Wuhdet,2007,3,150
Tigray,Kola Temben,Wuhdet,2016,2,150
Tigray,Kola Temben,Wuhdet,2017,1,150
Tigray,Werie Lehe,Misema,1984,10,151
Tigray,Werie Lehe,Misema,1987,9,151
Tigray,Werie Lehe,Misema,1994,8,151
Tigray,Werie Lehe,Misema,2007,7,151
Tigray,Werie Lehe,Misema,1989,6,151
Tigray,Werie Lehe,Misema,2005,5,151
Tigray,Werie Lehe,Misema,1991,4,151
Tigray,Werie Lehe,Misema,2009,3,151
Tigray,Werie Lehe,Misema,1999,2,151
Tigray,Werie Lehe,Misema,1997,1,151
Tigray,Werie Lehe,May-Nebri,1984,10,152
Tigray,Werie Lehe,May-Nebri,1987,9,152
Tigray,Werie Lehe,May-Nebri,1994,8,152
Tigray,Werie Lehe,May-Nebri,2014,7,152
Tigray,Werie Lehe,May-Nebri,2007,6,152
Tigray,Werie Lehe,May-Nebri,1989,5,152
Tigray,Werie Lehe,May-Nebri,1986,4,152
Tigray,Werie Lehe,May-Nebri,1988,3,152
Tigray,Werie Lehe,May-Nebri,2005,2,152
Tigray,Werie Lehe,May-Nebri,1997,1,152
Tigray,Werie Lehe,Arena,1984,10,153
Tigray,Werie Lehe,Arena,1988,9,153
Tigray,Werie Lehe,Arena,1994,8,153
Tigray,Werie Lehe,Arena,2002,7,153
Tigray,Werie Lehe,Arena,1990,6,153
Tigray,Werie Lehe,Arena,1992,5,153
Tigray,Werie Lehe,Arena,1989,4,153
Tigray,Werie Lehe,Arena,2014,3,153
Tigray,Werie Lehe,Arena,2004,2,153
Tigray,Werie Lehe,Arena,2005,1,153
Tigray,Werie Lehe,May-Chekemte,1984,10,154
Tigray,Werie Lehe,May-Chekemte,1997,9,154
Tigray,Werie Lehe,May-Chekemte,1987,8,154
Tigray,Werie Lehe,May-Chekemte,2014,7,154
Tigray,Werie Lehe,May-Chekemte,2007,6,154
Tigray,Werie Lehe,May-Chekemte,2002,5,154
Tigray,Werie Lehe,May-Chekemte,2015,4,154
Tigray,Werie Lehe,May-Chekemte,1990,3,154
Tigray,Werie Lehe,May-Chekemte,2004,2,154
Tigray,Werie Lehe,May-Chekemte,2018,1,154
Amhara,Shebel Berenta,Woynye,1984,10,155
Amhara,Shebel Berenta,Woynye,1987,9,155
Amhara,Shebel Berenta,Woynye,2014,8,155
Amhara,Shebel Berenta,Woynye,2002,7,155
Amhara,Shebel Berenta,Woynye,2001,6,155
Amhara,Shebel Berenta,Woynye,2008,5,155
Amhara,Shebel Berenta,Woynye,1990,4,155
Amhara,Shebel Berenta,Woynye,1999,3,155
Amhara,Shebel Berenta,Woynye,2000,2,155
Amhara,Shebel Berenta,Woynye,2004,1,155
Amhara,Kemekem,Birkutea,1984,10,156
Amhara,Kemekem,Birkutea,1992,9,156
Amhara,Kemekem,Birkutea,2013,8,156
Amhara,Kemekem,Birkutea,1990,7,156
Amhara,Kemekem,Birkutea,1995,6,156
Amhara,Kemekem,Birkutea,2017,5,156
Amhara,Kemekem,Birkutea,1998,4,156
Amhara,Kemekem,Birkutea,1999,3,156
Amhara,Kemekem,Birkutea,2018,2,156
Amhara,Kemekem,Birkutea,2006,1,156
Amhara,Ebenat,Wariba,1986,10,157
Amhara,Ebenat,Wariba,1999,9,157
Amhara,Ebenat,Wariba,2013,8,157
Amhara,Ebenat,Wariba,2017,7,157
Amhara,Ebenat,Wariba,2003,6,157
Amhara,Ebenat,Wariba,2018,5,157
Amhara,Ebenat,Wariba,1998,4,157
Amhara,Ebenat,Wariba,1992,3,157
Amhara,Ebenat,Wariba,2014,2,157
Amhara,Ebenat,Wariba,2008,1,157
Amhara,Ebenat,Wonberoch,1984,10,158
Amhara,Ebenat,Wonberoch,1986,9,158
Amhara,Ebenat,Wonberoch,1987,8,158
Amhara,Ebenat,Wonberoch,1990,7,158
Amhara,Ebenat,Wonberoch,1992,6,158
Amhara,Ebenat,Wonberoch,2000,5,158
Amhara,Ebenat,Wonberoch,2004,4,158
Amhara,Ebenat,Wonberoch,2006,3,158
Amhara,Ebenat,Wonberoch,2001,2,158
Amhara,Ebenat,Wonberoch,1998,1,158
Amhara,Ebenat,Worgaja wagi,1987,10,159
Amhara,Ebenat,Worgaja wagi,1993,9,159
Amhara,Ebenat,Worgaja wagi,2018,8,159
Amhara,Ebenat,Worgaja wagi,1985,7,159
Amhara,Ebenat,Worgaja wagi,1997,6,159
Amhara,Ebenat,Worgaja wagi,1994,5,159
Amhara,Ebenat,Worgaja wagi,2003,4,159
Amhara,Ebenat,Worgaja wagi,2004,3,159
Amhara,Ebenat,Worgaja wagi,2014,2,159
Amhara,Ebenat,Worgaja wagi,2016,1,159
Amhara,Ebenat,Burkoche,1984,10,160
Amhara,Ebenat,Burkoche,1986,9,160
Amhara,Ebenat,Burkoche,2004,8,160
Amhara,Ebenat,Burkoche,2002,7,160
Amhara,Ebenat,Burkoche,2009,6,160
Amhara,Ebenat,Burkoche,1985,5,160
Amhara,Ebenat,Burkoche,2015,4,160
Amhara,Ebenat,Burkoche,1994,3,160
Amhara,Ebenat,Burkoche,2012,2,160
Amhara,Ebenat,Burkoche,2018,1,160
Amhara,Shebel Berenta,Suha,1984,10,161
Amhara,Shebel Berenta,Suha,1987,9,161
Amhara,Shebel Berenta,Suha,1990,8,161
Amhara,Shebel Berenta,Suha,2001,7,161
Amhara,Shebel Berenta,Suha,2014,6,161
Amhara,Shebel Berenta,Suha,2015,5,161
Amhara,Shebel Berenta,Suha,2017,4,161
Amhara,Shebel Berenta,Suha,1988,3,161
Amhara,Shebel Berenta,Suha,1995,2,161
Amhara,Shebel Berenta,Suha,1998,1,161
Amhara,Ebenat,Embacheko Gunaguna,1983,10,162
Amhara,Ebenat,Embacheko Gunaguna,1986,9,162
Amhara,Ebenat,Embacheko Gunaguna,1992,8,162
Amhara,Ebenat,Embacheko Gunaguna,1995,7,162
Amhara,Ebenat,Embacheko Gunaguna,1998,6,162
Amhara,Ebenat,Embacheko Gunaguna,2002,5,162
Amhara,Ebenat,Embacheko Gunaguna,2004,4,162
Amhara,Ebenat,Embacheko Gunaguna,2007,3,162
Amhara,Ebenat,Embacheko Gunaguna,2014,2,162
Amhara,Ebenat,Embacheko Gunaguna,1984,1,162
Amhara,Enbise Sar Midir,Zihon-Huha-014-,1984,10,163
Amhara,Enbise Sar Midir,Zihon-Huha-014-,2014,9,163
Amhara,Enbise Sar Midir,Zihon-Huha-014-,2003,8,163
Amhara,Enbise Sar Midir,Zihon-Huha-014-,1987,7,163
Amhara,Enbise Sar Midir,Zihon-Huha-014-,1985,6,163
Amhara,Enbise Sar Midir,Zihon-Huha-014-,2002,5,163
Amhara,Enbise Sar Midir,Zihon-Huha-014-,2011,4,163
Amhara,Enbise Sar Midir,Zihon-Huha-014-,2015,3,163
Amhara,Enbise Sar Midir,Zihon-Huha-014-,2018,2,163
Amhara,Enbise Sar Midir,Zihon-Huha-014-,2001,1,163
Amhara,Enbise Sar Midir,Dembeza-019-Amba Lay,1984,10,164
Amhara,Enbise Sar Midir,Dembeza-019-Amba Lay,1987,9,164
Amhara,Enbise Sar Midir,Dembeza-019-Amba Lay,2014,8,164
Amhara,Enbise Sar Midir,Dembeza-019-Amba Lay,1991,7,164
Amhara,Enbise Sar Midir,Dembeza-019-Amba Lay,2002,6,164
Amhara,Enbise Sar Midir,Dembeza-019-Amba Lay,1997,5,164
Amhara,Enbise Sar Midir,Dembeza-019-Amba Lay,2015,4,164
Amhara,Enbise Sar Midir,Dembeza-019-Amba Lay,2017,3,164
Amhara,Enbise Sar Midir,Dembeza-019-Amba Lay,2001,2,164
Amhara,Enbise Sar Midir,Dembeza-019-Amba Lay,2005,1,164
Amhara,Enbise Sar Midir,Berlay-034-,1984,10,165
Amhara,Enbise Sar Midir,Berlay-034-,1987,9,165
Amhara,Enbise Sar Midir,Berlay-034-,2014,8,165
Amhara,Enbise Sar Midir,Berlay-034-,2002,7,165
Amhara,Enbise Sar Midir,Berlay-034-,1991,6,165
Amhara,Enbise Sar Midir,Berlay-034-,2015,5,165
Amhara,Enbise Sar Midir,Berlay-034-,2017,4,165
Amhara,Enbise Sar Midir,Berlay-034-,1990,3,165
Amhara,Enbise Sar Midir,Berlay-034-,1989,2,165
Amhara,Enbise Sar Midir,Berlay-034-,2004,1,165
Amhara,Shebel Berenta,Yeju,1984,10,166
Amhara,Shebel Berenta,Yeju,1987,9,166
Amhara,Shebel Berenta,Yeju,1994,8,166
Amhara,Shebel Berenta,Yeju,2004,7,166
Amhara,Shebel Berenta,Yeju,2015,6,166
Amhara,Shebel Berenta,Yeju,2009,5,166
Amhara,Shebel Berenta,Yeju,2016,4,166
Amhara,Shebel Berenta,Yeju,2012,3,166
Amhara,Shebel Berenta,Yeju,2018,2,166
Amhara,Shebel Berenta,Yeju,1998,1,166
Amhara,Shebel Berenta,Worego,1984,10,167
Amhara,Shebel Berenta,Worego,1987,9,167
Amhara,Shebel Berenta,Worego,2014,8,167
Amhara,Shebel Berenta,Worego,1994,7,167
Amhara,Shebel Berenta,Worego,2000,6,167
Amhara,Shebel Berenta,Worego,1998,5,167
Amhara,Shebel Berenta,Worego,2004,4,167
Amhara,Shebel Berenta,Worego,2008,3,167
Amhara,Shebel Berenta,Worego,2012,2,167
Amhara,Shebel Berenta,Worego,2018,1,167
Amhara,Shebel Berenta,Selelkula,1984,10,168
Amhara,Shebel Berenta,Selelkula,1987,9,168
Amhara,Shebel Berenta,Selelkula,2014,8,168
Amhara,Shebel Berenta,Selelkula,1994,7,168
Amhara,Shebel Berenta,Selelkula,2004,6,168
Amhara,Shebel Berenta,Selelkula,1990,5,168
Amhara,Shebel Berenta,Selelkula,1997,4,168
Amhara,Shebel Berenta,Selelkula,2009,3,168
Amhara,Shebel Berenta,Selelkula,2018,2,168
Amhara,Shebel Berenta,Selelkula,2012,1,168
Amhara,Shebel Berenta,Ledy,1984,10,169
Amhara,Shebel Berenta,Ledy,1987,9,169
Amhara,Shebel Berenta,Ledy,1990,8,169
Amhara,Shebel Berenta,Ledy,2004,7,169
Amhara,Shebel Berenta,Ledy,1986,6,169
Amhara,Shebel Berenta,Ledy,2015,5,169
Amhara,Shebel Berenta,Ledy,1997,4,169
Amhara,Shebel Berenta,Ledy,2000,3,169
Amhara,Shebel Berenta,Ledy,2006,2,169
Amhara,Shebel Berenta,Ledy,1995,1,169
Amhara,Shebel Berenta,Gebsit,1984,10,170
Amhara,Shebel Berenta,Gebsit,1987,9,170
Amhara,Shebel Berenta,Gebsit,2015,8,170
Amhara,Shebel Berenta,Gebsit,1998,7,170
Amhara,Shebel Berenta,Gebsit,2001,6,170
Amhara,Shebel Berenta,Gebsit,2004,5,170
Amhara,Shebel Berenta,Gebsit,2005,4,170
Amhara,Shebel Berenta,Gebsit,2010,3,170
Amhara,Shebel Berenta,Gebsit,1994,2,170
Amhara,Shebel Berenta,Gebsit,1990,1,170
Amhara,Ebenat,Shunge,1984,10,171
Amhara,Ebenat,Shunge,1987,9,171
Amhara,Ebenat,Shunge,1998,8,171
Amhara,Ebenat,Shunge,2014,7,171
Amhara,Ebenat,Shunge,2001,6,171
Amhara,Ebenat,Shunge,1991,5,171
Amhara,Ebenat,Shunge,1994,4,171
Amhara,Ebenat,Shunge,1996,3,171
Amhara,Ebenat,Shunge,2008,2,171
Amhara,Ebenat,Shunge,2002,1,171
Amhara,Shebel Berenta,Ansheb,1984,10,172
Amhara,Shebel Berenta,Ansheb,1987,9,172
Amhara,Shebel Berenta,Ansheb,2014,8,172
Amhara,Shebel Berenta,Ansheb,1991,7,172
Amhara,Shebel Berenta,Ansheb,1999,6,172
Amhara,Shebel Berenta,Ansheb,2002,5,172
Amhara,Shebel Berenta,Ansheb,2004,4,172
Amhara,Shebel Berenta,Ansheb,1993,3,172
Amhara,Shebel Berenta,Ansheb,2008,2,172
Amhara,Shebel Berenta,Ansheb,2011,1,172
Amhara,Shebel Berenta,Gedayasu,1984,10,173
Amhara,Shebel Berenta,Gedayasu,1987,9,173
Amhara,Shebel Berenta,Gedayasu,2014,8,173
Amhara,Shebel Berenta,Gedayasu,2001,7,173
Amhara,Shebel Berenta,Gedayasu,2004,6,173
Amhara,Shebel Berenta,Gedayasu,1994,5,173
Amhara,Shebel Berenta,Gedayasu,1998,4,173
Amhara,Shebel Berenta,Gedayasu,1989,3,173
Amhara,Shebel Berenta,Gedayasu,2012,2,173
Amhara,Shebel Berenta,Gedayasu,2003,1,173
Amhara,Goncha Siso Enese,Filatako,1984,10,174
Amhara,Goncha Siso Enese,Filatako,1996,9,174
Amhara,Goncha Siso Enese,Filatako,1986,8,174
Amhara,Goncha Siso Enese,Filatako,2000,7,174
Amhara,Goncha Siso Enese,Filatako,1990,6,174
Amhara,Goncha Siso Enese,Filatako,2015,5,174
Amhara,Goncha Siso Enese,Filatako,2017,4,174
Amhara,Goncha Siso Enese,Filatako,1991,3,174
Amhara,Goncha Siso Enese,Filatako,2006,2,174
Amhara,Goncha Siso Enese,Filatako,2018,1,174
Amhara,Ebenat,Jiman Deregeha,1987,10,175
Amhara,Ebenat,Jiman Deregeha,1985,9,175
Amhara,Ebenat,Jiman Deregeha,2014,8,175
Amhara,Ebenat,Jiman Deregeha,1990,7,175
Amhara,Ebenat,Jiman Deregeha,2017,6,175
Amhara,Ebenat,Jiman Deregeha,1988,5,175
Amhara,Ebenat,Jiman Deregeha,2007,4,175
Amhara,Ebenat,Jiman Deregeha,2013,3,175
Amhara,Ebenat,Jiman Deregeha,1986,2,175
Amhara,Ebenat,Jiman Deregeha,2012,1,175
Amhara,Goncha Siso Enese,Abarwuha,1984,10,176
Amhara,Goncha Siso Enese,Abarwuha,2015,9,176
Amhara,Goncha Siso Enese,Abarwuha,2001,8,176
Amhara,Goncha Siso Enese,Abarwuha,2002,7,176
Amhara,Goncha Siso Enese,Abarwuha,1986,6,176
Amhara,Goncha Siso Enese,Abarwuha,1994,5,176
Amhara,Goncha Siso Enese,Abarwuha,1995,4,176
Amhara,Goncha Siso Enese,Abarwuha,2010,3,176
Amhara,Goncha Siso Enese,Abarwuha,2016,2,176
Amhara,Goncha Siso Enese,Abarwuha,2018,1,176
Amhara,Goncha Siso Enese,Derit,1984,10,177
Amhara,Goncha Siso Enese,Derit,1993,9,177
Amhara,Goncha Siso Enese,Derit,1997,8,177
Amhara,Goncha Siso Enese,Derit,2002,7,177
Amhara,Goncha Siso Enese,Derit,2004,6,177
Amhara,Goncha Siso Enese,Derit,2015,5,177
Amhara,Goncha Siso Enese,Derit,2001,4,177
Amhara,Goncha Siso Enese,Derit,1987,3,177
Amhara,Goncha Siso Enese,Derit,1995,2,177
Amhara,Goncha Siso Enese,Derit,2007,1,177
