"Region","District","Village","year","rank"
"Tigray","Tanqua-Abergele","Tekleweyni","1984","1"
"Tigray","Tanqua-Abergele","Tekleweyni","2015","2"
"Tigray","Tanqua-Abergele","Tekleweyni","1997","3"
"Tigray","Tanqua-Abergele","Tekleweyni","2002","4"
"Tigray","Tanqua-Abergele","Tekleweyni","1987","5"
"Tigray","Tanqua-Abergele","Tekleweyni","1989","6"
"Tigray","Tanqua-Abergele","Tekleweyni","1993","7"
"Tigray","Tanqua-Abergele","Tekleweyni","2004","8"
"Tigray","Tanqua-Abergele","Tekleweyni","2006","9"
"Tigray","Tanqua-Abergele","Tekleweyni","2018","10"
"Tigray","Tanqua-Abergele","Siye","1984","1"
"Tigray","Tanqua-Abergele","Siye","2015","2"
"Tigray","Tanqua-Abergele","Siye","1997","3"
"Tigray","Tanqua-Abergele","Siye","2002","4"
"Tigray","Tanqua-Abergele","Siye","1989","5"
"Tigray","Tanqua-Abergele","Siye","1990","6"
"Tigray","Tanqua-Abergele","Siye","1993","7"
"Tigray","Tanqua-Abergele","Siye","2004","8"
"Tigray","Tanqua-Abergele","Siye","1987","9"
"Tigray","Tanqua-Abergele","Siye","2009","10"
"Tigray","Tanqua-Abergele","Tseykeme","1984","1"
"Tigray","Tanqua-Abergele","Tseykeme","2015","2"
"Tigray","Tanqua-Abergele","Tseykeme","1997","3"
"Tigray","Tanqua-Abergele","Tseykeme","1990","4"
"Tigray","Tanqua-Abergele","Tseykeme","2017","5"
"Tigray","Tanqua-Abergele","Tseykeme","2000","6"
"Tigray","Tanqua-Abergele","Tseykeme","2002","7"
"Tigray","Tanqua-Abergele","Tseykeme","1994","8"
"Tigray","Tanqua-Abergele","Tseykeme","1992","9"
"Tigray","Tanqua-Abergele","Tseykeme","1986","10"
"Tigray","Tanqua-Abergele","Simret","1984","1"
"Tigray","Tanqua-Abergele","Simret","1997","2"
"Tigray","Tanqua-Abergele","Simret","2007","3"
"Tigray","Tanqua-Abergele","Simret","2015","4"
"Tigray","Tanqua-Abergele","Simret","1987","5"
"Tigray","Tanqua-Abergele","Simret","2002","6"
"Tigray","Tanqua-Abergele","Simret","1993","7"
"Tigray","Tanqua-Abergele","Simret","1990","8"
"Tigray","Tanqua-Abergele","Simret","2005","9"
"Tigray","Tanqua-Abergele","Simret","2013","10"
"Tigray","Tanqua-Abergele","Negedebrhan","1984","1"
"Tigray","Tanqua-Abergele","Negedebrhan","2015","2"
"Tigray","Tanqua-Abergele","Negedebrhan","1997","3"
"Tigray","Tanqua-Abergele","Negedebrhan","1990","4"
"Tigray","Tanqua-Abergele","Negedebrhan","1987","5"
"Tigray","Tanqua-Abergele","Negedebrhan","2008","6"
"Tigray","Tanqua-Abergele","Negedebrhan","2014","7"
"Tigray","Tanqua-Abergele","Negedebrhan","2002","8"
"Tigray","Tanqua-Abergele","Negedebrhan","2004","9"
"Tigray","Tanqua-Abergele","Negedebrhan","2000","10"
"Tigray","Tanqua-Abergele","Grwre","1984","1"
"Tigray","Tanqua-Abergele","Grwre","1997","2"
"Tigray","Tanqua-Abergele","Grwre","2008","3"
"Tigray","Tanqua-Abergele","Grwre","2015","4"
"Tigray","Tanqua-Abergele","Grwre","1987","5"
"Tigray","Tanqua-Abergele","Grwre","1990","6"
"Tigray","Tanqua-Abergele","Grwre","1994","7"
"Tigray","Tanqua-Abergele","Grwre","2002","8"
"Tigray","Tanqua-Abergele","Grwre","2000","9"
"Tigray","Tanqua-Abergele","Grwre","2004","10"
"Tigray","Tanqua-Abergele","Limat","1984","1"
"Tigray","Tanqua-Abergele","Limat","1990","2"
"Tigray","Tanqua-Abergele","Limat","1997","3"
"Tigray","Tanqua-Abergele","Limat","2015","4"
"Tigray","Tanqua-Abergele","Limat","2008","5"
"Tigray","Tanqua-Abergele","Limat","1999","6"
"Tigray","Tanqua-Abergele","Limat","1987","7"
"Tigray","Tanqua-Abergele","Limat","2006","8"
"Tigray","Tanqua-Abergele","Limat","1992","9"
"Tigray","Tanqua-Abergele","Limat","2017","10"
"Tigray","Tanqua-Abergele","Jijqe","1984","1"
"Tigray","Tanqua-Abergele","Jijqe","1990","2"
"Tigray","Tanqua-Abergele","Jijqe","2015","3"
"Tigray","Tanqua-Abergele","Jijqe","1997","4"
"Tigray","Tanqua-Abergele","Jijqe","1994","5"
"Tigray","Tanqua-Abergele","Jijqe","2002","6"
"Tigray","Tanqua-Abergele","Jijqe","1993","7"
"Tigray","Tanqua-Abergele","Jijqe","1989","8"
"Tigray","Tanqua-Abergele","Jijqe","2011","9"
"Tigray","Tanqua-Abergele","Jijqe","2004","10"
"Tigray","Naeder-Adet","Jira","1984","1"
"Tigray","Naeder-Adet","Jira","1988","2"
"Tigray","Naeder-Adet","Jira","1990","3"
"Tigray","Naeder-Adet","Jira","1994","4"
"Tigray","Naeder-Adet","Jira","1997","5"
"Tigray","Naeder-Adet","Jira","2014","6"
"Tigray","Naeder-Adet","Jira","2007","7"
"Tigray","Naeder-Adet","Jira","2013","8"
"Tigray","Naeder-Adet","Jira","2014","9"
"Tigray","Naeder-Adet","Jira","2016","10"
"Tigray","Naeder-Adet","Adreb","1984","1"
"Tigray","Naeder-Adet","Adreb","1998","2"
"Tigray","Naeder-Adet","Adreb","1994","3"
"Tigray","Naeder-Adet","Adreb","1988","4"
"Tigray","Naeder-Adet","Adreb","2008","5"
"Tigray","Naeder-Adet","Adreb","2011","6"
"Tigray","Naeder-Adet","Adreb","1992","7"
"Tigray","Naeder-Adet","Adreb","2000","8"
"Tigray","Naeder-Adet","Adreb","2014","9"
"Tigray","Naeder-Adet","Adreb","2018","10"
"Tigray","Naeder-Adet","Ksad-acki","1984","1"
"Tigray","Naeder-Adet","Ksad-acki","1992","2"
"Tigray","Naeder-Adet","Ksad-acki","2007","3"
"Tigray","Naeder-Adet","Ksad-acki","2009","4"
"Tigray","Naeder-Adet","Ksad-acki","2012","5"
"Tigray","Naeder-Adet","Ksad-acki","2014","6"
"Tigray","Naeder-Adet","Ksad-acki","1990","7"
"Tigray","Naeder-Adet","Ksad-acki","1996","8"
"Tigray","Naeder-Adet","Ksad-acki","1997","9"
"Tigray","Naeder-Adet","Ksad-acki","1987","10"
"Tigray","Naeder-Adet","Seka","1984","1"
"Tigray","Naeder-Adet","Seka","1989","2"
"Tigray","Naeder-Adet","Seka","1987","3"
"Tigray","Naeder-Adet","Seka","1990","4"
"Tigray","Naeder-Adet","Seka","2000","5"
"Tigray","Naeder-Adet","Seka","1996","6"
"Tigray","Naeder-Adet","Seka","2002","7"
"Tigray","Naeder-Adet","Seka","2007","8"
"Tigray","Naeder-Adet","Seka","2014","9"
"Tigray","Naeder-Adet","Seka","2011","10"
"Tigray","Adwa","Lalaylogomti","1984","1"
"Tigray","Adwa","Lalaylogomti","1989","2"
"Tigray","Adwa","Lalaylogomti","2006","3"
"Tigray","Adwa","Lalaylogomti","1986","4"
"Tigray","Adwa","Lalaylogomti","2003","5"
"Tigray","Adwa","Lalaylogomti","2013","6"
"Tigray","Adwa","Lalaylogomti","1999","7"
"Tigray","Adwa","Lalaylogomti","2010","8"
"Tigray","Adwa","Lalaylogomti","2002","9"
"Tigray","Adwa","Lalaylogomti","1998","10"
"Tigray","Adwa","Woyenti","1984","1"
"Tigray","Adwa","Woyenti","1990","2"
"Tigray","Adwa","Woyenti","1987","3"
"Tigray","Adwa","Woyenti","2018","4"
"Tigray","Adwa","Woyenti","2014","5"
"Tigray","Adwa","Woyenti","2001","6"
"Tigray","Adwa","Woyenti","2017","7"
"Tigray","Adwa","Woyenti","2007","8"
"Tigray","Adwa","Woyenti","1994","9"
"Tigray","Adwa","Woyenti","2004","10"
"Tigray","Saharti Samre","Nebarhadinet","1984","1"
"Tigray","Saharti Samre","Nebarhadinet","1997","2"
"Tigray","Saharti Samre","Nebarhadinet","1987","3"
"Tigray","Saharti Samre","Nebarhadinet","2015","4"
"Tigray","Saharti Samre","Nebarhadinet","2007","5"
"Tigray","Saharti Samre","Nebarhadinet","2004","6"
"Tigray","Saharti Samre","Nebarhadinet","1989","7"
"Tigray","Saharti Samre","Nebarhadinet","1991","8"
"Tigray","Saharti Samre","Nebarhadinet","1994","9"
"Tigray","Saharti Samre","Nebarhadinet","2010","10"
"Tigray","Saharti Samre","Gijet","1984","1"
"Tigray","Saharti Samre","Gijet","1989","2"
"Tigray","Saharti Samre","Gijet","2015","3"
"Tigray","Saharti Samre","Gijet","1997","4"
"Tigray","Saharti Samre","Gijet","1987","5"
"Tigray","Saharti Samre","Gijet","1999","6"
"Tigray","Saharti Samre","Gijet","2010","7"
"Tigray","Saharti Samre","Gijet","2007","8"
"Tigray","Saharti Samre","Gijet","2005","9"
"Tigray","Saharti Samre","Gijet","1991","10"
"Tigray","Saharti Samre","Hintsa","1984","1"
"Tigray","Saharti Samre","Hintsa","1989","2"
"Tigray","Saharti Samre","Hintsa","1997","3"
"Tigray","Saharti Samre","Hintsa","2000","4"
"Tigray","Saharti Samre","Hintsa","2015","5"
"Tigray","Saharti Samre","Hintsa","2016","6"
"Tigray","Saharti Samre","Hintsa","2002","7"
"Tigray","Saharti Samre","Hintsa","2004","8"
"Tigray","Saharti Samre","Hintsa","1994","9"
"Tigray","Saharti Samre","Hintsa","2008","10"
"Amhara","Libo Kemkem","Ginaza","1984","1"
"Amhara","Libo Kemkem","Ginaza","1983","2"
"Amhara","Libo Kemkem","Ginaza","2016","3"
"Amhara","Libo Kemkem","Ginaza","2003","4"
"Amhara","Libo Kemkem","Ginaza","1987","5"
"Amhara","Libo Kemkem","Ginaza","1992","6"
"Amhara","Libo Kemkem","Ginaza","2018","7"
"Amhara","Libo Kemkem","Ginaza","2008","8"
"Amhara","Libo Kemkem","Ginaza","1984","9"
"Amhara","Libo Kemkem","Ginaza","1984","10"
"Amhara","Libo Kemkem","Ginaza","1984","1"
"Amhara","Libo Kemkem","Ginaza","1991","2"
"Amhara","Libo Kemkem","Ginaza","2016","3"
"Amhara","Libo Kemkem","Ginaza","2003","4"
"Amhara","Libo Kemkem","Ginaza","1987","5"
"Amhara","Libo Kemkem","Ginaza","1992","6"
"Amhara","Libo Kemkem","Ginaza","2018","7"
"Amhara","Libo Kemkem","Ginaza","2008","8"
"Amhara","Libo Kemkem","Ginaza","1984","9"
"Amhara","Libo Kemkem","Ginaza","1984","10"
"Amhara","Libo Kemkem","Birkutea","1983","1"
"Amhara","Libo Kemkem","Birkutea","2002","2"
"Amhara","Libo Kemkem","Birkutea","1991","3"
"Amhara","Libo Kemkem","Birkutea","2003","4"
"Amhara","Libo Kemkem","Birkutea","1993","5"
"Amhara","Libo Kemkem","Birkutea","2010","6"
"Amhara","Libo Kemkem","Birkutea","1998","7"
"Amhara","Libo Kemkem","Birkutea","2018","8"
"Amhara","Libo Kemkem","Birkutea","2018","9"
"Amhara","Libo Kemkem","Birkutea","2018","10"
"Amhara","Libo Kemkem","Ginaza","1990","1"
"Amhara","Libo Kemkem","Ginaza","1992","2"
"Amhara","Libo Kemkem","Ginaza","2002","3"
"Amhara","Libo Kemkem","Ginaza","2008","4"
"Amhara","Libo Kemkem","Ginaza","1991","5"
"Amhara","Libo Kemkem","Ginaza","2013","6"
"Amhara","Libo Kemkem","Ginaza","2012","7"
"Amhara","Libo Kemkem","Ginaza","2004","8"
"Amhara","Libo Kemkem","Ginaza","2004","9"
"Amhara","Libo Kemkem","Ginaza","2004","10"
"Amhara","Libo Kemkem","Ginaza","1983","1"
"Amhara","Libo Kemkem","Ginaza","1991","2"
"Amhara","Libo Kemkem","Ginaza","2016","3"
"Amhara","Libo Kemkem","Ginaza","2003","4"
"Amhara","Libo Kemkem","Ginaza","1987","5"
"Amhara","Libo Kemkem","Ginaza","2011","6"
"Amhara","Libo Kemkem","Ginaza","1984","7"
"Amhara","Libo Kemkem","Ginaza","2000","8"
"Amhara","Libo Kemkem","Ginaza","2010","9"
"Amhara","Libo Kemkem","Ginaza","2017","10"
"Tigray","Medebay-Zana","Kuluferha","1984","1"
"Tigray","Medebay-Zana","Kuluferha","1991","2"
"Tigray","Medebay-Zana","Kuluferha","1998","3"
"Tigray","Medebay-Zana","Kuluferha","1999","4"
"Tigray","Medebay-Zana","Kuluferha","2001","5"
"Tigray","Medebay-Zana","Kuluferha","2017","6"
"Tigray","Medebay-Zana","Kuluferha","2014","7"
"Tigray","Medebay-Zana","Kuluferha","2012","8"
"Tigray","Medebay-Zana","Kuluferha","2009","9"
"Tigray","Medebay-Zana","Kuluferha","2017","10"
"Tigray","Emba-Alaje","Amedwuha","1984","1"
"Tigray","Emba-Alaje","Amedwuha","1987","2"
"Tigray","Emba-Alaje","Amedwuha","2007","3"
"Tigray","Emba-Alaje","Amedwuha","1997","4"
"Tigray","Emba-Alaje","Amedwuha","1992","5"
"Tigray","Emba-Alaje","Amedwuha","2015","6"
"Tigray","Emba-Alaje","Amedwuha","1994","7"
"Tigray","Emba-Alaje","Amedwuha","2001","8"
"Tigray","Emba-Alaje","Amedwuha","2012","9"
"Tigray","Emba-Alaje","Amedwuha","2004","10"
"Tigray","Emba-Alaje","Ayba","1984","1"
"Tigray","Emba-Alaje","Ayba","1987","2"
"Tigray","Emba-Alaje","Ayba","1992","3"
"Tigray","Emba-Alaje","Ayba","1994","4"
"Tigray","Emba-Alaje","Ayba","2016","5"
"Tigray","Emba-Alaje","Ayba","2002","6"
"Tigray","Emba-Alaje","Ayba","1996","7"
"Tigray","Emba-Alaje","Ayba","2003","8"
"Tigray","Emba-Alaje","Ayba","2005","9"
"Tigray","Emba-Alaje","Ayba","1999","10"
"Tigray","Saharti Samre","Lemlem Arena","1984","1"
"Tigray","Saharti Samre","Lemlem Arena","1987","2"
"Tigray","Saharti Samre","Lemlem Arena","1997","3"
"Tigray","Saharti Samre","Lemlem Arena","1990","4"
"Tigray","Saharti Samre","Lemlem Arena","2004","5"
"Tigray","Saharti Samre","Lemlem Arena","2015","6"
"Tigray","Saharti Samre","Lemlem Arena","1995","7"
"Tigray","Saharti Samre","Lemlem Arena","2007","8"
"Tigray","Saharti Samre","Lemlem Arena","1994","9"
"Tigray","Saharti Samre","Lemlem Arena","2017","10"
"Tigray","Saharti Samre","Dekera","1984","1"
"Tigray","Saharti Samre","Dekera","1997","2"
"Tigray","Saharti Samre","Dekera","2015","3"
"Tigray","Saharti Samre","Dekera","2002","4"
"Tigray","Saharti Samre","Dekera","2004","5"
"Tigray","Saharti Samre","Dekera","2012","6"
"Tigray","Saharti Samre","Dekera","1994","7"
"Tigray","Saharti Samre","Dekera","2007","8"
"Tigray","Saharti Samre","Dekera","2000","9"
"Tigray","Saharti Samre","Dekera","1989","10"
"Tigray","Naeder-Adet","Adi selam","1984","1"
"Tigray","Naeder-Adet","Adi selam","1998","2"
"Tigray","Naeder-Adet","Adi selam","1995","3"
"Tigray","Naeder-Adet","Adi selam","2002","4"
"Tigray","Naeder-Adet","Adi selam","2008","5"
"Tigray","Naeder-Adet","Adi selam","2004","6"
"Tigray","Naeder-Adet","Adi selam","2016","7"
"Tigray","Naeder-Adet","Adi selam","2013","8"
"Tigray","Naeder-Adet","Adi selam","2011","9"
"Tigray","Naeder-Adet","Adi selam","2009","10"
"Tigray","Ahferom","Mezbr","1984","1"
"Tigray","Ahferom","Mezbr","2014","2"
"Tigray","Ahferom","Mezbr","1989","3"
"Tigray","Ahferom","Mezbr","1998","4"
"Tigray","Ahferom","Mezbr","2017","5"
"Tigray","Ahferom","Mezbr","1990","6"
"Tigray","Ahferom","Mezbr","1994","7"
"Tigray","Ahferom","Mezbr","2012","8"
"Tigray","Ahferom","Mezbr","1996","9"
"Tigray","Ahferom","Mezbr","2015","10"
"Tigray","Ahferom","Edagaarbi","1984","1"
"Tigray","Ahferom","Edagaarbi","1994","2"
"Tigray","Ahferom","Edagaarbi","1987","3"
"Tigray","Ahferom","Edagaarbi","2002","4"
"Tigray","Ahferom","Edagaarbi","2015","5"
"Tigray","Ahferom","Edagaarbi","2004","6"
"Tigray","Ahferom","Edagaarbi","1991","7"
"Tigray","Ahferom","Edagaarbi","1989","8"
"Tigray","Ahferom","Edagaarbi","1999","9"
"Tigray","Ahferom","Edagaarbi","1996","10"
"Tigray","Ahferom","Endamariam","1984","1"
"Tigray","Ahferom","Endamariam","1987","2"
"Tigray","Ahferom","Endamariam","2004","3"
"Tigray","Ahferom","Endamariam","1991","4"
"Tigray","Ahferom","Endamariam","1997","5"
"Tigray","Ahferom","Endamariam","1994","6"
"Tigray","Ahferom","Endamariam","2003","7"
"Tigray","Ahferom","Endamariam","1986","8"
"Tigray","Ahferom","Endamariam","2017","9"
"Tigray","Ahferom","Endamariam","1996","10"
"Tigray","Ahferom","Kudo","1984","1"
"Tigray","Ahferom","Kudo","1987","2"
"Tigray","Ahferom","Kudo","2014","3"
"Tigray","Ahferom","Kudo","1990","4"
"Tigray","Ahferom","Kudo","2017","5"
"Tigray","Ahferom","Kudo","1999","6"
"Tigray","Ahferom","Kudo","2004","7"
"Tigray","Ahferom","Kudo","2002","8"
"Tigray","Ahferom","Kudo","1997","9"
"Tigray","Ahferom","Kudo","2016","10"
"Tigray","Ahferom","Laelayhahaile","1984","1"
"Tigray","Ahferom","Laelayhahaile","1994","2"
"Tigray","Ahferom","Laelayhahaile","2017","3"
"Tigray","Ahferom","Laelayhahaile","1987","4"
"Tigray","Ahferom","Laelayhahaile","2015","5"
"Tigray","Ahferom","Laelayhahaile","1991","6"
"Tigray","Ahferom","Laelayhahaile","2004","7"
"Tigray","Ahferom","Laelayhahaile","1999","8"
"Tigray","Ahferom","Laelayhahaile","2002","9"
"Tigray","Ahferom","Laelayhahaile","2012","10"
"Tigray","Ahferom","Sefo","1984","1"
"Tigray","Ahferom","Sefo","1994","2"
"Tigray","Ahferom","Sefo","1987","3"
"Tigray","Ahferom","Sefo","2014","4"
"Tigray","Ahferom","Sefo","2004","5"
"Tigray","Ahferom","Sefo","1990","6"
"Tigray","Ahferom","Sefo","2000","7"
"Tigray","Ahferom","Sefo","1998","8"
"Tigray","Ahferom","Sefo","2007","9"
"Tigray","Ahferom","Sefo","2017","10"
"Tigray","Ahferom","Emba-Ahfrom","1984","1"
"Tigray","Ahferom","Emba-Ahfrom","1990","2"
"Tigray","Ahferom","Emba-Ahfrom","1987","3"
"Tigray","Ahferom","Emba-Ahfrom","1998","4"
"Tigray","Ahferom","Emba-Ahfrom","2002","5"
"Tigray","Ahferom","Emba-Ahfrom","1993","6"
"Tigray","Ahferom","Emba-Ahfrom","2008","7"
"Tigray","Ahferom","Emba-Ahfrom","2017","8"
"Tigray","Ahferom","Emba-Ahfrom","2014","9"
"Tigray","Ahferom","Emba-Ahfrom","2012","10"
"Tigray","Raya Azebo","Werabaye","1984","1"
"Tigray","Raya Azebo","Werabaye","1990","2"
"Tigray","Raya Azebo","Werabaye","2014","3"
"Tigray","Raya Azebo","Werabaye","1997","4"
"Tigray","Raya Azebo","Werabaye","2011","5"
"Tigray","Raya Azebo","Werabaye","2010","6"
"Tigray","Raya Azebo","Werabaye","1994","7"
"Tigray","Raya Azebo","Werabaye","2017","8"
"Tigray","Raya Azebo","Werabaye","1987","9"
"Tigray","Raya Azebo","Werabaye","2018","10"
"Tigray","Raya Azebo","Wargba","1984","1"
"Tigray","Raya Azebo","Wargba","1987","2"
"Tigray","Raya Azebo","Wargba","1988","3"
"Tigray","Raya Azebo","Wargba","1997","4"
"Tigray","Raya Azebo","Wargba","2008","5"
"Tigray","Raya Azebo","Wargba","1991","6"
"Tigray","Raya Azebo","Wargba","2014","7"
"Tigray","Raya Azebo","Wargba","2010","8"
"Tigray","Raya Azebo","Wargba","2004","9"
"Tigray","Raya Azebo","Wargba","2017","10"
"Tigray","Raya Azebo","Erba","1984","1"
"Tigray","Raya Azebo","Erba","1990","2"
"Tigray","Raya Azebo","Erba","2014","3"
"Tigray","Raya Azebo","Erba","2011","4"
"Tigray","Raya Azebo","Erba","1994","5"
"Tigray","Raya Azebo","Erba","1987","6"
"Tigray","Raya Azebo","Erba","1997","7"
"Tigray","Raya Azebo","Erba","2008","8"
"Tigray","Raya Azebo","Erba","2004","9"
"Tigray","Raya Azebo","Erba","2017","10"
"Tigray","Endamekoni","Tahtay haya","1984","1"
"Tigray","Endamekoni","Tahtay haya","1987","2"
"Tigray","Endamekoni","Tahtay haya","1993","3"
"Tigray","Endamekoni","Tahtay haya","2015","4"
"Tigray","Endamekoni","Tahtay haya","1997","5"
"Tigray","Endamekoni","Tahtay haya","2017","6"
"Tigray","Endamekoni","Tahtay haya","2004","7"
"Tigray","Endamekoni","Tahtay haya","2011","8"
"Tigray","Endamekoni","Tahtay haya","2008","9"
"Tigray","Endamekoni","Tahtay haya","1987","10"
"Tigray","Endamekoni","Simret","1984","1"
"Tigray","Endamekoni","Simret","1990","2"
"Tigray","Endamekoni","Simret","1987","3"
"Tigray","Endamekoni","Simret","1997","4"
"Tigray","Endamekoni","Simret","1994","5"
"Tigray","Endamekoni","Simret","2008","6"
"Tigray","Endamekoni","Simret","2011","7"
"Tigray","Endamekoni","Simret","2014","8"
"Tigray","Endamekoni","Simret","2004","9"
"Tigray","Endamekoni","Simret","2017","10"
"Tigray","Endamekoni","Meswaeti","1984","1"
"Tigray","Endamekoni","Meswaeti","1990","2"
"Tigray","Endamekoni","Meswaeti","1994","3"
"Tigray","Endamekoni","Meswaeti","1997","4"
"Tigray","Endamekoni","Meswaeti","1987","5"
"Tigray","Endamekoni","Meswaeti","2014","6"
"Tigray","Endamekoni","Meswaeti","2011","7"
"Tigray","Endamekoni","Meswaeti","2008","8"
"Tigray","Endamekoni","Meswaeti","2004","9"
"Tigray","Endamekoni","Meswaeti","2017","10"
"Tigray","Endamekoni","Mekan","1984","1"
"Tigray","Endamekoni","Mekan","1990","2"
"Tigray","Endamekoni","Mekan","1987","3"
"Tigray","Endamekoni","Mekan","1997","4"
"Tigray","Endamekoni","Mekan","1994","5"
"Tigray","Endamekoni","Mekan","2011","6"
"Tigray","Endamekoni","Mekan","2008","7"
"Tigray","Endamekoni","Mekan","2004","8"
"Tigray","Endamekoni","Mekan","2017","9"
"Tigray","Endamekoni","Mekan","2014","10"
"Tigray","Endamekoni","Hizba Teklehymanot","1984","1"
"Tigray","Endamekoni","Hizba Teklehymanot","1987","2"
"Tigray","Endamekoni","Hizba Teklehymanot","1990","3"
"Tigray","Endamekoni","Hizba Teklehymanot","1994","4"
"Tigray","Endamekoni","Hizba Teklehymanot","1997","5"
"Tigray","Endamekoni","Hizba Teklehymanot","2004","6"
"Tigray","Endamekoni","Hizba Teklehymanot","2014","7"
"Tigray","Endamekoni","Hizba Teklehymanot","2011","8"
"Tigray","Endamekoni","Hizba Teklehymanot","2008","9"
"Tigray","Endamekoni","Hizba Teklehymanot","2017","10"
"Tigray","Emba-Alaje","Tekea","1984","1"
"Tigray","Emba-Alaje","Tekea","1987","2"
"Tigray","Emba-Alaje","Tekea","1994","3"
"Tigray","Emba-Alaje","Tekea","1990","4"
"Tigray","Emba-Alaje","Tekea","2004","5"
"Tigray","Emba-Alaje","Tekea","2012","6"
"Tigray","Emba-Alaje","Tekea","2001","7"
"Tigray","Emba-Alaje","Tekea","2009","8"
"Tigray","Emba-Alaje","Tekea","1992","9"
"Tigray","Emba-Alaje","Tekea","1995","10"
"Tigray","Kilte Awlaelo","Debrebrhan","1984","1"
"Tigray","Kilte Awlaelo","Debrebrhan","2015","2"
"Tigray","Kilte Awlaelo","Debrebrhan","1990","3"
"Tigray","Kilte Awlaelo","Debrebrhan","2009","4"
"Tigray","Kilte Awlaelo","Debrebrhan","2000","5"
"Tigray","Kilte Awlaelo","Debrebrhan","1987","6"
"Tigray","Kilte Awlaelo","Debrebrhan","1994","7"
"Tigray","Kilte Awlaelo","Debrebrhan","2005","8"
"Tigray","Kilte Awlaelo","Debrebrhan","2006","9"
"Tigray","Kilte Awlaelo","Debrebrhan","2018","10"
"Tigray","Kilte Awlaelo","Hayelom","1984","1"
"Tigray","Kilte Awlaelo","Hayelom","2013","2"
"Tigray","Kilte Awlaelo","Hayelom","1990","3"
"Tigray","Kilte Awlaelo","Hayelom","1993","4"
"Tigray","Kilte Awlaelo","Hayelom","2002","5"
"Tigray","Kilte Awlaelo","Hayelom","1997","6"
"Tigray","Kilte Awlaelo","Hayelom","1998","7"
"Tigray","Kilte Awlaelo","Hayelom","2016","8"
"Tigray","Kilte Awlaelo","Hayelom","2012","9"
"Tigray","Kilte Awlaelo","Hayelom","2009","10"
"Tigray","Kilte Awlaelo","Hadnet","1990","1"
"Tigray","Kilte Awlaelo","Hadnet","1984","2"
"Tigray","Kilte Awlaelo","Hadnet","1989","3"
"Tigray","Kilte Awlaelo","Hadnet","2015","4"
"Tigray","Kilte Awlaelo","Hadnet","2017","5"
"Tigray","Kilte Awlaelo","Hadnet","1987","6"
"Tigray","Kilte Awlaelo","Hadnet","1991","7"
"Tigray","Kilte Awlaelo","Hadnet","1997","8"
"Tigray","Kilte Awlaelo","Hadnet","2001","9"
"Tigray","Kilte Awlaelo","Hadnet","2011","10"
"Tigray","Emba-Alaje","Seret","1984","1"
"Tigray","Emba-Alaje","Seret","1987","2"
"Tigray","Emba-Alaje","Seret","1996","3"
"Tigray","Emba-Alaje","Seret","1994","4"
"Tigray","Emba-Alaje","Seret","1999","5"
"Tigray","Emba-Alaje","Seret","2015","6"
"Tigray","Emba-Alaje","Seret","2005","7"
"Tigray","Emba-Alaje","Seret","2017","8"
"Tigray","Emba-Alaje","Seret","2003","9"
"Tigray","Emba-Alaje","Seret","2007","10"
"Tigray","Saharti Samre","Cheli","1984","1"
"Tigray","Saharti Samre","Cheli","2004","2"
"Tigray","Saharti Samre","Cheli","1998","3"
"Tigray","Saharti Samre","Cheli","2015","4"
"Tigray","Saharti Samre","Cheli","2002","5"
"Tigray","Saharti Samre","Cheli","2011","6"
"Tigray","Saharti Samre","Cheli","2007","7"
"Tigray","Saharti Samre","Cheli","1987","8"
"Tigray","Saharti Samre","Cheli","1994","9"
"Tigray","Saharti Samre","Cheli","2005","10"
"Tigray","Saharti-Samre","Esiret","1984","1"
"Tigray","Saharti-Samre","Esiret","1987","2"
"Tigray","Saharti-Samre","Esiret","2015","3"
"Tigray","Saharti-Samre","Esiret","1992","4"
"Tigray","Saharti-Samre","Esiret","1997","5"
"Tigray","Saharti-Samre","Esiret","1995","6"
"Tigray","Saharti-Samre","Esiret","1990","7"
"Tigray","Saharti-Samre","Esiret","2002","8"
"Tigray","Saharti-Samre","Esiret","1991","9"
"Tigray","Saharti-Samre","Esiret","2005","10"
"Tigray","Saharti-Samre","Bamba","1984","1"
"Tigray","Saharti-Samre","Bamba","1997","2"
"Tigray","Saharti-Samre","Bamba","2015","3"
"Tigray","Saharti-Samre","Bamba","2009","4"
"Tigray","Saharti-Samre","Bamba","2002","5"
"Tigray","Saharti-Samre","Bamba","1990","6"
"Tigray","Saharti-Samre","Bamba","2000","7"
"Tigray","Saharti-Samre","Bamba","2004","8"
"Tigray","Saharti-Samre","Bamba","1987","9"
"Tigray","Saharti-Samre","Bamba","2016","10"
"Amhara","Libo Kemkem","Mitad","1984","1"
"Amhara","Libo Kemkem","Mitad","2015","2"
"Amhara","Libo Kemkem","Mitad","1991","3"
"Amhara","Libo Kemkem","Mitad","1992","4"
"Amhara","Libo Kemkem","Mitad","2017","5"
"Amhara","Libo Kemkem","Mitad","2008","6"
"Amhara","Libo Kemkem","Mitad","1996","7"
"Amhara","Libo Kemkem","Mitad","2014","8"
"Amhara","Libo Kemkem","Mitad","2007","9"
"Amhara","Libo Kemkem","Mitad","2018","10"
"Amhara","Libo Kemkem","Anigot","1984","1"
"Amhara","Libo Kemkem","Anigot","1991","2"
"Amhara","Libo Kemkem","Anigot","1989","3"
"Amhara","Libo Kemkem","Anigot","1992","4"
"Amhara","Libo Kemkem","Anigot","2014","5"
"Amhara","Libo Kemkem","Anigot","2000","6"
"Amhara","Libo Kemkem","Anigot","2001","7"
"Amhara","Libo Kemkem","Anigot","2004","8"
"Amhara","Libo Kemkem","Anigot","2012","9"
"Amhara","Libo Kemkem","Anigot","2003","10"
"Amhara","Libo Kemkem","Estifanos","1984","1"
"Amhara","Libo Kemkem","Estifanos","1988","2"
"Amhara","Libo Kemkem","Estifanos","2002","3"
"Amhara","Libo Kemkem","Estifanos","1999","4"
"Amhara","Libo Kemkem","Estifanos","1990","5"
"Amhara","Libo Kemkem","Estifanos","2009","6"
"Amhara","Libo Kemkem","Estifanos","2010","7"
"Amhara","Libo Kemkem","Estifanos","2005","8"
"Amhara","Libo Kemkem","Estifanos","2015","9"
"Amhara","Libo Kemkem","Estifanos","2000","10"
"Amhara","Libo Kemkem","Agela","1984","1"
"Amhara","Libo Kemkem","Agela","1987","2"
"Amhara","Libo Kemkem","Agela","2000","3"
"Amhara","Libo Kemkem","Agela","1996","4"
"Amhara","Libo Kemkem","Agela","1999","5"
"Amhara","Libo Kemkem","Agela","2004","6"
"Amhara","Libo Kemkem","Agela","2013","7"
"Amhara","Libo Kemkem","Agela","2015","8"
"Amhara","Libo Kemkem","Agela","1992","9"
"Amhara","Libo Kemkem","Agela","1999","10"
"Amhara","Libo Kemkem","shamo","1984","1"
"Amhara","Libo Kemkem","shamo","1986","2"
"Amhara","Libo Kemkem","shamo","2000","3"
"Amhara","Libo Kemkem","shamo","1989","4"
"Amhara","Libo Kemkem","shamo","1987","5"
"Amhara","Libo Kemkem","shamo","2001","6"
"Amhara","Libo Kemkem","shamo","1995","7"
"Amhara","Libo Kemkem","shamo","2017","8"
"Amhara","Libo Kemkem","shamo","2010","9"
"Amhara","Libo Kemkem","shamo","2013","10"
"Amhara","Libo Kemkem","Goza","1994","1"
"Amhara","Libo Kemkem","Goza","1995","2"
"Amhara","Libo Kemkem","Goza","2003","3"
"Amhara","Libo Kemkem","Goza","2015","4"
"Amhara","Libo Kemkem","Goza","2006","5"
"Amhara","Libo Kemkem","Goza","2017","6"
"Amhara","Libo Kemkem","Goza","1985","7"
"Amhara","Libo Kemkem","Goza","1993","8"
"Amhara","Libo Kemkem","Goza","1997","9"
"Amhara","Libo Kemkem","Goza","1983","10"
"Amhara","Libo Kemkem","Yifag Akababi","1984","1"
"Amhara","Libo Kemkem","Yifag Akababi","2004","2"
"Amhara","Libo Kemkem","Yifag Akababi","1990","3"
"Amhara","Libo Kemkem","Yifag Akababi","2014","4"
"Amhara","Libo Kemkem","Yifag Akababi","2010","5"
"Amhara","Libo Kemkem","Yifag Akababi","1997","6"
"Amhara","Libo Kemkem","Yifag Akababi","2017","7"
"Amhara","Libo Kemkem","Yifag Akababi","1999","8"
"Amhara","Libo Kemkem","Yifag Akababi","1994","9"
"Amhara","Libo Kemkem","Yifag Akababi","1995","10"
"Amhara","Libo Kemkem","Bilb Wuha","1991","1"
"Amhara","Libo Kemkem","Bilb Wuha","1994","2"
"Amhara","Libo Kemkem","Bilb Wuha","1984","3"
"Amhara","Libo Kemkem","Bilb Wuha","2015","4"
"Amhara","Libo Kemkem","Bilb Wuha","2004","5"
"Amhara","Libo Kemkem","Bilb Wuha","1997","6"
"Amhara","Libo Kemkem","Bilb Wuha","1998","7"
"Amhara","Libo Kemkem","Bilb Wuha","1999","8"
"Amhara","Libo Kemkem","Bilb Wuha","1993","9"
"Amhara","Libo Kemkem","Bilb Wuha","2007","10"
"Amhara","Libo Kemkem","Michel Debre","1984","1"
"Amhara","Libo Kemkem","Michel Debre","2004","2"
"Amhara","Libo Kemkem","Michel Debre","1997","3"
"Amhara","Libo Kemkem","Michel Debre","2011","4"
"Amhara","Libo Kemkem","Michel Debre","2013","5"
"Amhara","Libo Kemkem","Michel Debre","2018","6"
"Amhara","Libo Kemkem","Michel Debre","1991","7"
"Amhara","Libo Kemkem","Michel Debre","2010","8"
"Amhara","Libo Kemkem","Michel Debre","2012","9"
"Amhara","Libo Kemkem","Michel Debre","2016","10"
"Tigray","Endamekoni","Tahtay haya","1984","1"
"Tigray","Endamekoni","Tahtay haya","1990","2"
"Tigray","Endamekoni","Tahtay haya","1993","3"
"Tigray","Endamekoni","Tahtay haya","2015","4"
"Tigray","Endamekoni","Tahtay haya","1997","5"
"Tigray","Endamekoni","Tahtay haya","2017","6"
"Tigray","Endamekoni","Tahtay haya","2004","7"
"Tigray","Endamekoni","Tahtay haya","2011","8"
"Tigray","Endamekoni","Tahtay haya","2008","9"
"Tigray","Endamekoni","Tahtay haya","1987","10"
"Tigray","Endamekoni","Meswaeti","1984","1"
"Tigray","Endamekoni","Meswaeti","1990","2"
"Tigray","Endamekoni","Meswaeti","1994","3"
"Tigray","Endamekoni","Meswaeti","1997","4"
"Tigray","Endamekoni","Meswaeti","1987","5"
"Tigray","Endamekoni","Meswaeti","2014","6"
"Tigray","Endamekoni","Meswaeti","2011","7"
"Tigray","Endamekoni","Meswaeti","2008","8"
"Tigray","Endamekoni","Meswaeti","2004","9"
"Tigray","Endamekoni","Meswaeti","2017","10"
"Tigray","Alamata","Sorya","1984","1"
"Tigray","Alamata","Sorya","1987","2"
"Tigray","Alamata","Sorya","2015","3"
"Tigray","Alamata","Sorya","1993","4"
"Tigray","Alamata","Sorya","2001","5"
"Tigray","Alamata","Sorya","2004","6"
"Tigray","Alamata","Sorya","2008","7"
"Tigray","Alamata","Sorya","1996","8"
"Tigray","Alamata","Sorya","2011","9"
"Tigray","Alamata","Sorya","1990","10"
"Tigray","Alamata","Tsetsera","1984","1"
"Tigray","Alamata","Tsetsera","1987","2"
"Tigray","Alamata","Tsetsera","1993","3"
"Tigray","Alamata","Tsetsera","1998","4"
"Tigray","Alamata","Tsetsera","2015","5"
"Tigray","Alamata","Tsetsera","2001","6"
"Tigray","Alamata","Tsetsera","2004","7"
"Tigray","Alamata","Tsetsera","1995","8"
"Tigray","Alamata","Tsetsera","2008","9"
"Tigray","Alamata","Tsetsera","2013","10"
"Tigray","Alamata","Tao","1984","1"
"Tigray","Alamata","Tao","1990","2"
"Tigray","Alamata","Tao","1997","3"
"Tigray","Alamata","Tao","2015","4"
"Tigray","Alamata","Tao","2004","5"
"Tigray","Alamata","Tao","2013","6"
"Tigray","Alamata","Tao","1998","7"
"Tigray","Alamata","Tao","2007","8"
"Tigray","Alamata","Tao","1999","9"
"Tigray","Alamata","Tao","2001","10"
"Tigray","Ofla","Fala","1984","1"
"Tigray","Ofla","Fala","1987","2"
"Tigray","Ofla","Fala","2015","3"
"Tigray","Ofla","Fala","1990","4"
"Tigray","Ofla","Fala","2007","5"
"Tigray","Ofla","Fala","2004","6"
"Tigray","Ofla","Fala","2011","7"
"Tigray","Ofla","Fala","2001","8"
"Tigray","Ofla","Fala","2003","9"
"Tigray","Ofla","Fala","2008","10"
"Tigray","Ofla","Zata","1984","1"
"Tigray","Ofla","Zata","1987","2"
"Tigray","Ofla","Zata","2015","3"
"Tigray","Ofla","Zata","1995","4"
"Tigray","Ofla","Zata","2007","5"
"Tigray","Ofla","Zata","1997","6"
"Tigray","Ofla","Zata","2004","7"
"Tigray","Ofla","Zata","1993","8"
"Tigray","Ofla","Zata","1995","9"
"Tigray","Ofla","Zata","2001","10"
"Tigray","Ofla","Adishimbirkti","1984","1"
"Tigray","Ofla","Adishimbirkti","1987","2"
"Tigray","Ofla","Adishimbirkti","2015","3"
"Tigray","Ofla","Adishimbirkti","2007","4"
"Tigray","Ofla","Adishimbirkti","1990","5"
"Tigray","Ofla","Adishimbirkti","1997","6"
"Tigray","Ofla","Adishimbirkti","2004","7"
"Tigray","Ofla","Adishimbirkti","1993","8"
"Tigray","Ofla","Adishimbirkti","2010","9"
"Tigray","Ofla","Adishimbirkti","2001","10"
"Tigray","Ofla","Dinkashena","1984","1"
"Tigray","Ofla","Dinkashena","1987","2"
"Tigray","Ofla","Dinkashena","2015","3"
"Tigray","Ofla","Dinkashena","1998","4"
"Tigray","Ofla","Dinkashena","1993","5"
"Tigray","Ofla","Dinkashena","1985","6"
"Tigray","Ofla","Dinkashena","2008","7"
"Tigray","Ofla","Dinkashena","2004","8"
"Tigray","Ofla","Dinkashena","2002","9"
"Tigray","Ofla","Dinkashena","2018","10"
"Tigray","Ofla","Darubekeda","1984","1"
"Tigray","Ofla","Darubekeda","1987","2"
"Tigray","Ofla","Darubekeda","2015","3"
"Tigray","Ofla","Darubekeda","1998","4"
"Tigray","Ofla","Darubekeda","2007","5"
"Tigray","Ofla","Darubekeda","1994","6"
"Tigray","Ofla","Darubekeda","2001","7"
"Tigray","Ofla","Darubekeda","1990","8"
"Tigray","Ofla","Darubekeda","2004","9"
"Tigray","Ofla","Darubekeda","1993","10"
"Amhara","Libo Kemkem","Wusha Tires","1984","1"
"Amhara","Libo Kemkem","Wusha Tires","1990","2"
"Amhara","Libo Kemkem","Wusha Tires","1993","3"
"Amhara","Libo Kemkem","Wusha Tires","2002","4"
"Amhara","Libo Kemkem","Wusha Tires","1997","5"
"Amhara","Libo Kemkem","Wusha Tires","2001","6"
"Amhara","Libo Kemkem","Wusha Tires","1991","7"
"Amhara","Libo Kemkem","Wusha Tires","2006","8"
"Amhara","Libo Kemkem","Wusha Tires","2004","9"
"Amhara","Libo Kemkem","Wusha Tires","2015","10"
"Amhara","Libo Kemkem","Asta","1984","1"
"Amhara","Libo Kemkem","Asta","1999","2"
"Amhara","Libo Kemkem","Asta","1995","3"
"Amhara","Libo Kemkem","Asta","1998","4"
"Amhara","Libo Kemkem","Asta","2004","5"
"Amhara","Libo Kemkem","Asta","1994","6"
"Amhara","Libo Kemkem","Asta","2008","7"
"Amhara","Libo Kemkem","Asta","2009","8"
"Amhara","Libo Kemkem","Asta","1987","9"
"Amhara","Libo Kemkem","Asta","2012","10"
"Tigray","Kolatemben","Santa gelebeda","1983","1"
"Tigray","Kolatemben","Santa gelebeda","2006","2"
"Tigray","Kolatemben","Santa gelebeda","1991","3"
"Tigray","Kolatemben","Santa gelebeda","2001","4"
"Tigray","Kolatemben","Santa gelebeda","2003","5"
"Tigray","Kolatemben","Santa gelebeda","1996","6"
"Tigray","Kolatemben","Santa gelebeda","2014","7"
"Tigray","Kolatemben","Santa gelebeda","2016","8"
"Tigray","Kolatemben","Santa gelebeda","1987","9"
"Tigray","Kolatemben","Santa gelebeda","2008","10"
"Tigray","Kolatemben","Mtsai werki","1983","1"
"Tigray","Kolatemben","Mtsai werki","1986","2"
"Tigray","Kolatemben","Mtsai werki","1989","3"
"Tigray","Kolatemben","Mtsai werki","1996","4"
"Tigray","Kolatemben","Mtsai werki","2006","5"
"Tigray","Kolatemben","Mtsai werki","1992","6"
"Tigray","Kolatemben","Mtsai werki","2000","7"
"Tigray","Kolatemben","Mtsai werki","2002","8"
"Tigray","Kolatemben","Mtsai werki","2013","9"
"Tigray","Kolatemben","Mtsai werki","2017","10"
"Tigray","Kolatemben","Guroro","1983","1"
"Tigray","Kolatemben","Guroro","2007","2"
"Tigray","Kolatemben","Guroro","2010","3"
"Tigray","Kolatemben","Guroro","2001","4"
"Tigray","Kolatemben","Guroro","1999","5"
"Tigray","Kolatemben","Guroro","2005","6"
"Tigray","Kolatemben","Guroro","2013","7"
"Tigray","Kolatemben","Guroro","1995","8"
"Tigray","Kolatemben","Guroro","2017","9"
"Tigray","Kolatemben","Guroro","2013","10"
"Tigray","Kolatemben","Debrinetseb","1983","1"
"Tigray","Kolatemben","Debrinetseb","1984","2"
"Tigray","Kolatemben","Debrinetseb","1986","3"
"Tigray","Kolatemben","Debrinetseb","2016","4"
"Tigray","Kolatemben","Debrinetseb","1993","5"
"Tigray","Kolatemben","Debrinetseb","2001","6"
"Tigray","Kolatemben","Debrinetseb","1988","7"
"Tigray","Kolatemben","Debrinetseb","2015","8"
"Tigray","Kolatemben","Debrinetseb","2013","9"
"Tigray","Kolatemben","Debrinetseb","2005","10"
"Tigray","Kolatemben","Wuhdet","1983","1"
"Tigray","Kolatemben","Wuhdet","1990","2"
"Tigray","Kolatemben","Wuhdet","1996","3"
"Tigray","Kolatemben","Wuhdet","1988","4"
"Tigray","Kolatemben","Wuhdet","1998","5"
"Tigray","Kolatemben","Wuhdet","1986","6"
"Tigray","Kolatemben","Wuhdet","1989","7"
"Tigray","Kolatemben","Wuhdet","2007","8"
"Tigray","Kolatemben","Wuhdet","2016","9"
"Tigray","Kolatemben","Wuhdet","2017","10"
"Tigray","Kolatemben","Smret","1983","1"
"Tigray","Kolatemben","Smret","1992","2"
"Tigray","Kolatemben","Smret","2000","3"
"Tigray","Kolatemben","Smret","1989","4"
"Tigray","Kolatemben","Smret","2006","5"
"Tigray","Kolatemben","Smret","1994","6"
"Tigray","Kolatemben","Smret","1998","7"
"Tigray","Kolatemben","Smret","2013","8"
"Tigray","Kolatemben","Smret","2015","9"
"Tigray","Kolatemben","Smret","2016","10"
"Tigray","Kolatemben","Guya","1983","1"
"Tigray","Kolatemben","Guya","1996","2"
"Tigray","Kolatemben","Guya","2006","3"
"Tigray","Kolatemben","Guya","2013","4"
"Tigray","Kolatemben","Guya","1989","5"
"Tigray","Kolatemben","Guya","2010","6"
"Tigray","Kolatemben","Guya","1986","7"
"Tigray","Kolatemben","Guya","1990","8"
"Tigray","Kolatemben","Guya","1999","9"
"Tigray","Kolatemben","Guya","1993","10"
"Amhara","Libo Kemkem","Libo","1984","1"
"Amhara","Libo Kemkem","Libo","1988","2"
"Amhara","Libo Kemkem","Libo","1994","3"
"Amhara","Libo Kemkem","Libo","1998","4"
"Amhara","Libo Kemkem","Libo","2015","5"
"Amhara","Libo Kemkem","Libo","2018","6"
"Amhara","Libo Kemkem","Libo","2011","7"
"Amhara","Libo Kemkem","Libo","2010","8"
"Amhara","Libo Kemkem","Libo","2002","9"
"Amhara","Libo Kemkem","Libo","2001","10"
"Amhara","Libo Kemkem","Derita","1986","1"
"Amhara","Libo Kemkem","Derita","1984","2"
"Amhara","Libo Kemkem","Derita","1989","3"
"Amhara","Libo Kemkem","Derita","1997","4"
"Amhara","Libo Kemkem","Derita","2002","5"
"Amhara","Libo Kemkem","Derita","2000","6"
"Amhara","Libo Kemkem","Derita","2014","7"
"Amhara","Libo Kemkem","Derita","2001","8"
"Amhara","Libo Kemkem","Derita","2013","9"
"Amhara","Libo Kemkem","Derita","2007","10"
"Amhara","Libo Kemkem","Mendere Mariam","1984","1"
"Amhara","Libo Kemkem","Mendere Mariam","2013","2"
"Amhara","Libo Kemkem","Mendere Mariam","1994","3"
"Amhara","Libo Kemkem","Mendere Mariam","1987","4"
"Amhara","Libo Kemkem","Mendere Mariam","2015","5"
"Amhara","Libo Kemkem","Mendere Mariam","2002","6"
"Amhara","Libo Kemkem","Mendere Mariam","1999","7"
"Amhara","Libo Kemkem","Mendere Mariam","1996","8"
"Amhara","Libo Kemkem","Mendere Mariam","2003","9"
"Amhara","Libo Kemkem","Mendere Mariam","2005","10"
"Amhara","Libo Kemkem","Ginaza","1989","1"
"Amhara","Libo Kemkem","Ginaza","2002","2"
"Amhara","Libo Kemkem","Ginaza","1992","3"
"Amhara","Libo Kemkem","Ginaza","1990","4"
"Amhara","Libo Kemkem","Ginaza","2014","5"
"Amhara","Libo Kemkem","Ginaza","2009","6"
"Amhara","Libo Kemkem","Ginaza","2003","7"
"Amhara","Libo Kemkem","Ginaza","1998","8"
"Amhara","Libo Kemkem","Ginaza","1993","9"
"Amhara","Libo Kemkem","Ginaza","1997","10"
"Amhara","Libo Kemkem","Tara Gedam","1984","1"
"Amhara","Libo Kemkem","Tara Gedam","1990","2"
"Amhara","Libo Kemkem","Tara Gedam","1987","3"
"Amhara","Libo Kemkem","Tara Gedam","2003","4"
"Amhara","Libo Kemkem","Tara Gedam","1998","5"
"Amhara","Libo Kemkem","Tara Gedam","1994","6"
"Amhara","Libo Kemkem","Tara Gedam","1992","7"
"Amhara","Libo Kemkem","Tara Gedam","2008","8"
"Amhara","Libo Kemkem","Tara Gedam","2017","9"
"Amhara","Libo Kemkem","Tara Gedam","2015","10"
"Amhara","Libo Kemkem","Shehoch Tehara","1985","1"
"Amhara","Libo Kemkem","Shehoch Tehara","1991","2"
"Amhara","Libo Kemkem","Shehoch Tehara","1988","3"
"Amhara","Libo Kemkem","Shehoch Tehara","2012","4"
"Amhara","Libo Kemkem","Shehoch Tehara","2009","5"
"Amhara","Libo Kemkem","Shehoch Tehara","2015","6"
"Amhara","Libo Kemkem","Shehoch Tehara","2004","7"
"Amhara","Libo Kemkem","Shehoch Tehara","2011","8"
"Amhara","Libo Kemkem","Shehoch Tehara","1999","9"
"Amhara","Libo Kemkem","Shehoch Tehara","1995","10"
"Amhara","Libo Kemkem","Tibaga","1985","1"
"Amhara","Libo Kemkem","Tibaga","1991","2"
"Amhara","Libo Kemkem","Tibaga","1992","3"
"Amhara","Libo Kemkem","Tibaga","1994","4"
"Amhara","Libo Kemkem","Tibaga","1998","5"
"Amhara","Libo Kemkem","Tibaga","2011","6"
"Amhara","Libo Kemkem","Tibaga","2001","7"
"Amhara","Libo Kemkem","Tibaga","2005","8"
"Amhara","Libo Kemkem","Tibaga","2009","9"
"Amhara","Libo Kemkem","Tibaga","2013","10"
"Tigray","Hawzien","Selam","1984","1"
"Tigray","Hawzien","Selam","1986","2"
"Tigray","Hawzien","Selam","2007","3"
"Tigray","Hawzien","Selam","1997","4"
"Tigray","Hawzien","Selam","2015","5"
"Tigray","Hawzien","Selam","2004","6"
"Tigray","Hawzien","Selam","2011","7"
"Tigray","Hawzien","Selam","1989","8"
"Tigray","Hawzien","Selam","2013","9"
"Tigray","Hawzien","Selam","2016","10"
"Tigray","Hawzien","Debreselam","1984","1"
"Tigray","Hawzien","Debreselam","1987","2"
"Tigray","Hawzien","Debreselam","2002","3"
"Tigray","Hawzien","Debreselam","1994","4"
"Tigray","Hawzien","Debreselam","1990","5"
"Tigray","Hawzien","Debreselam","1989","6"
"Tigray","Hawzien","Debreselam","2017","7"
"Tigray","Hawzien","Debreselam","2004","8"
"Tigray","Hawzien","Debreselam","1999","9"
"Tigray","Hawzien","Debreselam","1997","10"
"Tigray","Hintalo Wajerat","Metkel","1984","1"
"Tigray","Hintalo Wajerat","Metkel","1987","2"
"Tigray","Hintalo Wajerat","Metkel","1990","3"
"Tigray","Hintalo Wajerat","Metkel","2015","4"
"Tigray","Hintalo Wajerat","Metkel","2002","5"
"Tigray","Hintalo Wajerat","Metkel","2000","6"
"Tigray","Hintalo Wajerat","Metkel","2010","7"
"Tigray","Hintalo Wajerat","Metkel","2013","8"
"Tigray","Hintalo Wajerat","Metkel","1998","9"
"Tigray","Hintalo Wajerat","Metkel","1993","10"
"Tigray","Hawzien","Qoraro","1984","1"
"Tigray","Hawzien","Qoraro","1985","2"
"Tigray","Hawzien","Qoraro","1987","3"
"Tigray","Hawzien","Qoraro","2014","4"
"Tigray","Hawzien","Qoraro","1997","5"
"Tigray","Hawzien","Qoraro","2017","6"
"Tigray","Hawzien","Qoraro","2004","7"
"Tigray","Hawzien","Qoraro","1999","8"
"Tigray","Hawzien","Qoraro","1994","9"
"Tigray","Hawzien","Qoraro","2008","10"
"Tigray","Hintalo Wajerat","Hareko","1984","1"
"Tigray","Hintalo Wajerat","Hareko","1985","2"
"Tigray","Hintalo Wajerat","Hareko","1995","3"
"Tigray","Hintalo Wajerat","Hareko","1990","4"
"Tigray","Hintalo Wajerat","Hareko","2004","5"
"Tigray","Hintalo Wajerat","Hareko","2015","6"
"Tigray","Hintalo Wajerat","Hareko","2000","7"
"Tigray","Hintalo Wajerat","Hareko","2002","8"
"Tigray","Hintalo Wajerat","Hareko","1992","9"
"Tigray","Hintalo Wajerat","Hareko","2018","10"
"Tigray","Hintalo Wajerat","Fikre-Alem","1984","1"
"Tigray","Hintalo Wajerat","Fikre-Alem","1987","2"
"Tigray","Hintalo Wajerat","Fikre-Alem","2014","3"
"Tigray","Hintalo Wajerat","Fikre-Alem","1990","4"
"Tigray","Hintalo Wajerat","Fikre-Alem","1994","5"
"Tigray","Hintalo Wajerat","Fikre-Alem","2004","6"
"Tigray","Hintalo Wajerat","Fikre-Alem","1999","7"
"Tigray","Hintalo Wajerat","Fikre-Alem","1992","8"
"Tigray","Hintalo Wajerat","Fikre-Alem","1996","9"
"Tigray","Hintalo Wajerat","Fikre-Alem","2016","10"
"Tigray","Hintalo Wajerat","Hagere-Selam","1984","1"
"Tigray","Hintalo Wajerat","Hagere-Selam","1987","2"
"Tigray","Hintalo Wajerat","Hagere-Selam","2014","3"
"Tigray","Hintalo Wajerat","Hagere-Selam","1993","4"
"Tigray","Hintalo Wajerat","Hagere-Selam","1994","5"
"Tigray","Hintalo Wajerat","Hagere-Selam","2005","6"
"Tigray","Hintalo Wajerat","Hagere-Selam","2002","7"
"Tigray","Hintalo Wajerat","Hagere-Selam","2008","8"
"Tigray","Hintalo Wajerat","Hagere-Selam","1997","9"
"Tigray","Hintalo Wajerat","Hagere-Selam","1990","10"
"Tigray","Hawzien","Debrebirhan","1984","1"
"Tigray","Hawzien","Debrebirhan","1987","2"
"Tigray","Hawzien","Debrebirhan","1999","3"
"Tigray","Hawzien","Debrebirhan","1997","4"
"Tigray","Hawzien","Debrebirhan","2015","5"
"Tigray","Hawzien","Debrebirhan","2007","6"
"Tigray","Hawzien","Debrebirhan","2010","7"
"Tigray","Hawzien","Debrebirhan","1988","8"
"Tigray","Hawzien","Debrebirhan","1993","9"
"Tigray","Hawzien","Debrebirhan","1994","10"
"Tigray","Hawzien","Mozutey","1984","1"
"Tigray","Hawzien","Mozutey","1987","2"
"Tigray","Hawzien","Mozutey","1989","3"
"Tigray","Hawzien","Mozutey","1999","4"
"Tigray","Hawzien","Mozutey","2008","5"
"Tigray","Hawzien","Mozutey","1993","6"
"Tigray","Hawzien","Mozutey","2004","7"
"Tigray","Hawzien","Mozutey","2015","8"
"Tigray","Hawzien","Mozutey","2006","9"
"Tigray","Hawzien","Mozutey","2016","10"
"Tigray","Tanqua-Abergele","Hadashtekli","1983","1"
"Tigray","Tanqua-Abergele","Hadashtekli","1996","2"
"Tigray","Tanqua-Abergele","Hadashtekli","2001","3"
"Tigray","Tanqua-Abergele","Hadashtekli","2014","4"
"Tigray","Tanqua-Abergele","Hadashtekli","2008","5"
"Tigray","Tanqua-Abergele","Hadashtekli","2011","6"
"Tigray","Tanqua-Abergele","Hadashtekli","2016","7"
"Tigray","Tanqua-Abergele","Hadashtekli","2003","8"
"Tigray","Tanqua-Abergele","Hadashtekli","1989","9"
"Tigray","Tanqua-Abergele","Hadashtekli","1990","10"
"Amhara","Ibinat","Mechena","1984","1"
"Amhara","Ibinat","Mechena","1986","2"
"Amhara","Ibinat","Mechena","1991","3"
"Amhara","Ibinat","Mechena","2001","4"
"Amhara","Ibinat","Mechena","1999","5"
"Amhara","Ibinat","Mechena","2002","6"
"Amhara","Ibinat","Mechena","2013","7"
"Amhara","Ibinat","Mechena","2008","8"
"Amhara","Ibinat","Mechena","2009","9"
"Amhara","Ibinat","Mechena","2016","10"
"Amhara","Ibinat","Ader Seg","1984","1"
"Amhara","Ibinat","Ader Seg","1986","2"
"Amhara","Ibinat","Ader Seg","1997","3"
"Amhara","Ibinat","Ader Seg","2002","4"
"Amhara","Ibinat","Ader Seg","2000","5"
"Amhara","Ibinat","Ader Seg","2004","6"
"Amhara","Ibinat","Ader Seg","1998","7"
"Amhara","Ibinat","Ader Seg","2008","8"
"Amhara","Ibinat","Ader Seg","2006","9"
"Amhara","Ibinat","Ader Seg","2015","10"
"Amhara","Ibinat","Tigage","1984","1"
"Amhara","Ibinat","Tigage","1986","2"
"Amhara","Ibinat","Tigage","1992","3"
"Amhara","Ibinat","Tigage","1997","4"
"Amhara","Ibinat","Tigage","1989","5"
"Amhara","Ibinat","Tigage","2002","6"
"Amhara","Ibinat","Tigage","2004","7"
"Amhara","Ibinat","Tigage","2014","8"
"Amhara","Ibinat","Tigage","2018","9"
"Amhara","Ibinat","Tigage","2016","10"
"Amhara","Ibinat","Deber Aba Jale","1987","1"
"Amhara","Ibinat","Deber Aba Jale","1985","2"
"Amhara","Ibinat","Deber Aba Jale","2003","3"
"Amhara","Ibinat","Deber Aba Jale","1999","4"
"Amhara","Ibinat","Deber Aba Jale","2011","5"
"Amhara","Ibinat","Deber Aba Jale","2007","6"
"Amhara","Ibinat","Deber Aba Jale","2006","7"
"Amhara","Ibinat","Deber Aba Jale","2018","8"
"Amhara","Ibinat","Deber Aba Jale","1997","9"
"Amhara","Ibinat","Deber Aba Jale","2012","10"
"Amhara","Ibinat","Tara Senba","1985","1"
"Amhara","Ibinat","Tara Senba","1984","2"
"Amhara","Ibinat","Tara Senba","1987","3"
"Amhara","Ibinat","Tara Senba","1995","4"
"Amhara","Ibinat","Tara Senba","1990","5"
"Amhara","Ibinat","Tara Senba","2011","6"
"Amhara","Ibinat","Tara Senba","1999","7"
"Amhara","Ibinat","Tara Senba","2003","8"
"Amhara","Ibinat","Tara Senba","2007","9"
"Amhara","Ibinat","Tara Senba","2015","10"
"Amhara","Ibinat","Aqua Shumoch","1984","1"
"Amhara","Ibinat","Aqua Shumoch","1985","2"
"Amhara","Ibinat","Aqua Shumoch","1988","3"
"Amhara","Ibinat","Aqua Shumoch","1990","4"
"Amhara","Ibinat","Aqua Shumoch","2004","5"
"Amhara","Ibinat","Aqua Shumoch","2014","6"
"Amhara","Ibinat","Aqua Shumoch","2015","7"
"Amhara","Ibinat","Aqua Shumoch","2018","8"
"Amhara","Ibinat","Aqua Shumoch","2012","9"
"Amhara","Ibinat","Aqua Shumoch","2002","10"
"Amhara","Ibinat","Amisetya","1985","1"
"Amhara","Ibinat","Amisetya","1987","2"
"Amhara","Ibinat","Amisetya","2012","3"
"Amhara","Ibinat","Amisetya","2011","4"
"Amhara","Ibinat","Amisetya","2013","5"
"Amhara","Ibinat","Amisetya","1999","6"
"Amhara","Ibinat","Amisetya","2015","7"
"Amhara","Ibinat","Amisetya","2000","8"
"Amhara","Ibinat","Amisetya","1997","9"
"Amhara","Ibinat","Amisetya","2009","10"
"Amhara","Ibinat","Niquara","1985","1"
"Amhara","Ibinat","Niquara","1988","2"
"Amhara","Ibinat","Niquara","2003","3"
"Amhara","Ibinat","Niquara","1991","4"
"Amhara","Ibinat","Niquara","1986","5"
"Amhara","Ibinat","Niquara","2005","6"
"Amhara","Ibinat","Niquara","2018","7"
"Amhara","Ibinat","Niquara","2013","8"
"Amhara","Ibinat","Niquara","2011","9"
"Amhara","Ibinat","Niquara","1990","10"
"Amhara","Ibinat","Jiman Deregeha","1988","1"
"Amhara","Ibinat","Jiman Deregeha","1999","2"
"Amhara","Ibinat","Jiman Deregeha","1987","3"
"Amhara","Ibinat","Jiman Deregeha","2017","4"
"Amhara","Ibinat","Jiman Deregeha","1985","5"
"Amhara","Ibinat","Jiman Deregeha","1984","6"
"Amhara","Ibinat","Jiman Deregeha","1993","7"
"Amhara","Ibinat","Jiman Deregeha","1986","8"
"Amhara","Ibinat","Jiman Deregeha","1991","9"
"Amhara","Ibinat","Jiman Deregeha","2004","10"
"Tigray","Medebay-Zana","Deber kerbye","1984","1"
"Tigray","Medebay-Zana","Deber kerbye","1991","2"
"Tigray","Medebay-Zana","Deber kerbye","2018","3"
"Tigray","Medebay-Zana","Deber kerbye","2001","4"
"Tigray","Medebay-Zana","Deber kerbye","2012","5"
"Tigray","Medebay-Zana","Deber kerbye","2016","6"
"Tigray","Medebay-Zana","Deber kerbye","2017","7"
"Tigray","Medebay-Zana","Deber kerbye","1998","8"
"Tigray","Medebay-Zana","Deber kerbye","2002","9"
"Tigray","Medebay-Zana","Deber kerbye","2012","10"
"Tigray","Medebay-Zana","Mesehle","1984","1"
"Tigray","Medebay-Zana","Mesehle","2016","2"
"Tigray","Medebay-Zana","Mesehle","1992","3"
"Tigray","Medebay-Zana","Mesehle","2001","4"
"Tigray","Medebay-Zana","Mesehle","2006","5"
"Tigray","Medebay-Zana","Mesehle","2017","6"
"Tigray","Medebay-Zana","Mesehle","2009","7"
"Tigray","Medebay-Zana","Mesehle","1991","8"
"Tigray","Medebay-Zana","Mesehle","2002","9"
"Tigray","Medebay-Zana","Mesehle","1987","10"
"Tigray","Medebay-Zana","Adibearj","1984","1"
"Tigray","Medebay-Zana","Adibearj","1997","2"
"Tigray","Medebay-Zana","Adibearj","2002","3"
"Tigray","Medebay-Zana","Adibearj","2007","4"
"Tigray","Medebay-Zana","Adibearj","2014","5"
"Tigray","Medebay-Zana","Adibearj","1990","6"
"Tigray","Medebay-Zana","Adibearj","1993","7"
"Tigray","Medebay-Zana","Adibearj","1991","8"
"Tigray","Medebay-Zana","Adibearj","1994","9"
"Tigray","Medebay-Zana","Adibearj","2010","10"
"Tigray","Medebay-Zana","Nefasit","1984","1"
"Tigray","Medebay-Zana","Nefasit","1983","2"
"Tigray","Medebay-Zana","Nefasit","1991","3"
"Tigray","Medebay-Zana","Nefasit","1989","4"
"Tigray","Medebay-Zana","Nefasit","1999","5"
"Tigray","Medebay-Zana","Nefasit","2001","6"
"Tigray","Medebay-Zana","Nefasit","2011","7"
"Tigray","Medebay-Zana","Nefasit","2017","8"
"Tigray","Medebay-Zana","Nefasit","2018","9"
"Tigray","Medebay-Zana","Nefasit","2009","10"
"Tigray","Ganta-afeshum","Adekiney","1990","1"
"Tigray","Ganta-afeshum","Adekiney","1984","2"
"Tigray","Ganta-afeshum","Adekiney","2002","3"
"Tigray","Ganta-afeshum","Adekiney","1987","4"
"Tigray","Ganta-afeshum","Adekiney","1989","5"
"Tigray","Ganta-afeshum","Adekiney","1983","6"
"Tigray","Ganta-afeshum","Adekiney","1997","7"
"Tigray","Ganta-afeshum","Adekiney","1999","8"
"Tigray","Ganta-afeshum","Adekiney","1994","9"
"Tigray","Ganta-afeshum","Adekiney","2014","10"
"Tigray","Ganta-afeshum","Wuhdet","1984","1"
"Tigray","Ganta-afeshum","Wuhdet","1983","2"
"Tigray","Ganta-afeshum","Wuhdet","1990","3"
"Tigray","Ganta-afeshum","Wuhdet","1994","4"
"Tigray","Ganta-afeshum","Wuhdet","1987","5"
"Tigray","Ganta-afeshum","Wuhdet","2007","6"
"Tigray","Ganta-afeshum","Wuhdet","2017","7"
"Tigray","Ganta-afeshum","Wuhdet","2004","8"
"Tigray","Ganta-afeshum","Wuhdet","2014","9"
"Tigray","Ganta-afeshum","Wuhdet","1998","10"
"Tigray","Ganta-afeshum","Simret-1","1988","1"
"Tigray","Ganta-afeshum","Simret-1","1990","2"
"Tigray","Ganta-afeshum","Simret-1","1984","3"
"Tigray","Ganta-afeshum","Simret-1","1993","4"
"Tigray","Ganta-afeshum","Simret-1","1987","5"
"Tigray","Ganta-afeshum","Simret-1","2016","6"
"Tigray","Ganta-afeshum","Simret-1","2007","7"
"Tigray","Ganta-afeshum","Simret-1","1999","8"
"Tigray","Ganta-afeshum","Simret-1","2018","9"
"Tigray","Ganta-afeshum","Simret-1","2008","10"
"Tigray","Werieleke","Enda-Felasi","1984","1"
"Tigray","Werieleke","Enda-Felasi","2002","2"
"Tigray","Werieleke","Enda-Felasi","1997","3"
"Tigray","Werieleke","Enda-Felasi","1994","4"
"Tigray","Werieleke","Enda-Felasi","2009","5"
"Tigray","Werieleke","Enda-Felasi","1991","6"
"Tigray","Werieleke","Enda-Felasi","1987","7"
"Tigray","Werieleke","Enda-Felasi","1989","8"
"Tigray","Werieleke","Enda-Felasi","2016","9"
"Tigray","Werieleke","Enda-Felasi","1990","10"
"Tigray","Werieleke","Tsae","1984","1"
"Tigray","Werieleke","Tsae","1989","2"
"Tigray","Werieleke","Tsae","1997","3"
"Tigray","Werieleke","Tsae","1994","4"
"Tigray","Werieleke","Tsae","1987","5"
"Tigray","Werieleke","Tsae","2015","6"
"Tigray","Werieleke","Tsae","1999","7"
"Tigray","Werieleke","Tsae","1990","8"
"Tigray","Werieleke","Tsae","2004","9"
"Tigray","Werieleke","Tsae","2001","10"
"Tigray","Tanqua-Abergele","Hadashtekli","1983","1"
"Tigray","Tanqua-Abergele","Hadashtekli","1996","2"
"Tigray","Tanqua-Abergele","Hadashtekli","2001","3"
"Tigray","Tanqua-Abergele","Hadashtekli","2014","4"
"Tigray","Tanqua-Abergele","Hadashtekli","2008","5"
"Tigray","Tanqua-Abergele","Hadashtekli","2011","6"
"Tigray","Tanqua-Abergele","Hadashtekli","2016","7"
"Tigray","Tanqua-Abergele","Hadashtekli","2003","8"
"Tigray","Tanqua-Abergele","Hadashtekli","1989","9"
"Tigray","Tanqua-Abergele","Hadashtekli","1990","10"
"Amhara","Ibinat","Balarab","1984","1"
"Amhara","Ibinat","Balarab","1987","2"
"Amhara","Ibinat","Balarab","1994","3"
"Amhara","Ibinat","Balarab","2014","4"
"Amhara","Ibinat","Balarab","1983","5"
"Amhara","Ibinat","Balarab","1997","6"
"Amhara","Ibinat","Balarab","2015","7"
"Amhara","Ibinat","Balarab","1986","8"
"Amhara","Ibinat","Balarab","2002","9"
"Amhara","Ibinat","Balarab","2004","10"
"Amhara","Ibinat","Aquha","1987","1"
"Amhara","Ibinat","Aquha","2002","2"
"Amhara","Ibinat","Aquha","1997","3"
"Amhara","Ibinat","Aquha","2004","4"
"Amhara","Ibinat","Aquha","1998","5"
"Amhara","Ibinat","Aquha","1993","6"
"Amhara","Ibinat","Aquha","2012","7"
"Amhara","Ibinat","Aquha","2014","8"
"Amhara","Ibinat","Aquha","2016","9"
"Amhara","Ibinat","Aquha","2017","10"
"Amhara","Ibinat","Gela Matebiya","1984","1"
"Amhara","Ibinat","Gela Matebiya","2002","2"
"Amhara","Ibinat","Gela Matebiya","1987","3"
"Amhara","Ibinat","Gela Matebiya","1986","4"
"Amhara","Ibinat","Gela Matebiya","1997","5"
"Amhara","Ibinat","Gela Matebiya","2004","6"
"Amhara","Ibinat","Gela Matebiya","2011","7"
"Amhara","Ibinat","Gela Matebiya","2006","8"
"Amhara","Ibinat","Gela Matebiya","2007","9"
"Amhara","Ibinat","Gela Matebiya","2013","10"
"Amhara","Ibinat","Ziha","1990","1"
"Amhara","Ibinat","Ziha","1984","2"
"Amhara","Ibinat","Ziha","1999","3"
"Amhara","Ibinat","Ziha","1986","4"
"Amhara","Ibinat","Ziha","1988","5"
"Amhara","Ibinat","Ziha","1989","6"
"Amhara","Ibinat","Ziha","1993","7"
"Amhara","Ibinat","Ziha","1998","8"
"Amhara","Ibinat","Ziha","1996","9"
"Amhara","Ibinat","Ziha","1995","10"
"Amhara","Enesie Sar Midir","Debre-Kidusan09","1984","1"
"Amhara","Enesie Sar Midir","Debre-Kidusan09","1988","2"
"Amhara","Enesie Sar Midir","Debre-Kidusan09","2017","3"
"Amhara","Enesie Sar Midir","Debre-Kidusan09","2015","4"
"Amhara","Enesie Sar Midir","Debre-Kidusan09","2002","5"
"Amhara","Enesie Sar Midir","Debre-Kidusan09","2004","6"
"Amhara","Enesie Sar Midir","Debre-Kidusan09","1998","7"
"Amhara","Enesie Sar Midir","Debre-Kidusan09","1993","8"
"Amhara","Enesie Sar Midir","Debre-Kidusan09","2018","9"
"Amhara","Enesie Sar Midir","Debre-Kidusan09","2007","10"
"Amhara","Ibinat","Abina","1985","1"
"Amhara","Ibinat","Abina","1988","2"
"Amhara","Ibinat","Abina","2003","3"
"Amhara","Ibinat","Abina","1984","4"
"Amhara","Ibinat","Abina","1991","5"
"Amhara","Ibinat","Abina","1987","6"
"Amhara","Ibinat","Abina","1989","7"
"Amhara","Ibinat","Abina","1999","8"
"Amhara","Ibinat","Abina","1990","9"
"Amhara","Ibinat","Abina","2000","10"
"Amhara","Libo Kemkem","Keregna","1985","1"
"Amhara","Libo Kemkem","Keregna","1984","2"
"Amhara","Libo Kemkem","Keregna","1987","3"
"Amhara","Libo Kemkem","Keregna","1989","4"
"Amhara","Libo Kemkem","Keregna","2003","5"
"Amhara","Libo Kemkem","Keregna","2005","6"
"Amhara","Libo Kemkem","Keregna","1993","7"
"Amhara","Libo Kemkem","Keregna","2007","8"
"Amhara","Libo Kemkem","Keregna","2001","9"
"Amhara","Libo Kemkem","Keregna","2016","10"
"Amhara","Libo Kemkem","Mitad","1984","1"
"Amhara","Libo Kemkem","Mitad","2015","2"
"Amhara","Libo Kemkem","Mitad","1991","3"
"Amhara","Libo Kemkem","Mitad","1992","4"
"Amhara","Libo Kemkem","Mitad","2017","5"
"Amhara","Libo Kemkem","Mitad","2008","6"
"Amhara","Libo Kemkem","Mitad","1996","7"
"Amhara","Libo Kemkem","Mitad","2014","8"
"Amhara","Libo Kemkem","Mitad","2007","9"
"Amhara","Libo Kemkem","Mitad","2018","10"
"Amhara","Libo Kemkem","Estifanos","1984","1"
"Amhara","Libo Kemkem","Estifanos","1988","2"
"Amhara","Libo Kemkem","Estifanos","2002","3"
"Amhara","Libo Kemkem","Estifanos","1999","4"
"Amhara","Libo Kemkem","Estifanos","1990","5"
"Amhara","Libo Kemkem","Estifanos","2009","6"
"Amhara","Libo Kemkem","Estifanos","2010","7"
"Amhara","Libo Kemkem","Estifanos","2005","8"
"Amhara","Libo Kemkem","Estifanos","2015","9"
"Amhara","Libo Kemkem","Estifanos","2000","10"
"Amhara","Libo Kemkem","Anigot","1984","1"
"Amhara","Libo Kemkem","Anigot","1991","2"
"Amhara","Libo Kemkem","Anigot","1989","3"
"Amhara","Libo Kemkem","Anigot","1992","4"
"Amhara","Libo Kemkem","Anigot","2014","5"
"Amhara","Libo Kemkem","Anigot","2000","6"
"Amhara","Libo Kemkem","Anigot","2001","7"
"Amhara","Libo Kemkem","Anigot","2004","8"
"Amhara","Libo Kemkem","Anigot","2012","9"
"Amhara","Libo Kemkem","Anigot","2003","10"
"Amhara","Libo Kemkem","Ginaza","1990","1"
"Amhara","Libo Kemkem","Ginaza","1992","2"
"Amhara","Libo Kemkem","Ginaza","2002","3"
"Amhara","Libo Kemkem","Ginaza","2008","4"
"Amhara","Libo Kemkem","Ginaza","1991","5"
"Amhara","Libo Kemkem","Ginaza","2013","6"
"Amhara","Libo Kemkem","Ginaza","2012","7"
"Amhara","Libo Kemkem","Ginaza","2004","8"
"Amhara","Libo Kemkem","Ginaza","2004","9"
"Amhara","Libo Kemkem","Ginaza","2004","10"
"Amhara","Enesie Sar Midir","Goshedur-033-","1984","1"
"Amhara","Enesie Sar Midir","Goshedur-033-","1990","2"
"Amhara","Enesie Sar Midir","Goshedur-033-","2001","3"
"Amhara","Enesie Sar Midir","Goshedur-033-","1987","4"
"Amhara","Enesie Sar Midir","Goshedur-033-","1992","5"
"Amhara","Enesie Sar Midir","Goshedur-033-","1999","6"
"Amhara","Enesie Sar Midir","Goshedur-033-","1994","7"
"Amhara","Enesie Sar Midir","Goshedur-033-","2015","8"
"Amhara","Enesie Sar Midir","Goshedur-033-","2011","9"
"Amhara","Enesie Sar Midir","Goshedur-033-","2017","10"
"Amhara","Enesie Sar Midir","Yetefet-021-","1984","1"
"Amhara","Enesie Sar Midir","Yetefet-021-","1988","2"
"Amhara","Enesie Sar Midir","Yetefet-021-","2001","3"
"Amhara","Enesie Sar Midir","Yetefet-021-","1990","4"
"Amhara","Enesie Sar Midir","Yetefet-021-","2011","5"
"Amhara","Enesie Sar Midir","Yetefet-021-","1993","6"
"Amhara","Enesie Sar Midir","Yetefet-021-","2014","7"
"Amhara","Enesie Sar Midir","Yetefet-021-","2002","8"
"Amhara","Enesie Sar Midir","Yetefet-021-","2017","9"
"Amhara","Enesie Sar Midir","Yetefet-021-","2015","10"
"Amhara","Enesie Sar Midir","Lul-025-","1984","1"
"Amhara","Enesie Sar Midir","Lul-025-","2014","2"
"Amhara","Enesie Sar Midir","Lul-025-","1991","3"
"Amhara","Enesie Sar Midir","Lul-025-","2001","4"
"Amhara","Enesie Sar Midir","Lul-025-","1987","5"
"Amhara","Enesie Sar Midir","Lul-025-","1997","6"
"Amhara","Enesie Sar Midir","Lul-025-","2000","7"
"Amhara","Enesie Sar Midir","Lul-025-","1990","8"
"Amhara","Enesie Sar Midir","Lul-025-","2003","9"
"Amhara","Enesie Sar Midir","Lul-025-","2011","10"
"Amhara","Enesie Sar Midir","Hagere-Selam-016-","1985","1"
"Amhara","Enesie Sar Midir","Hagere-Selam-016-","1988","2"
"Amhara","Enesie Sar Midir","Hagere-Selam-016-","2015","3"
"Amhara","Enesie Sar Midir","Hagere-Selam-016-","1990","4"
"Amhara","Enesie Sar Midir","Hagere-Selam-016-","2003","5"
"Amhara","Enesie Sar Midir","Hagere-Selam-016-","2006","6"
"Amhara","Enesie Sar Midir","Hagere-Selam-016-","1992","7"
"Amhara","Enesie Sar Midir","Hagere-Selam-016-","2014","8"
"Amhara","Enesie Sar Midir","Hagere-Selam-016-","2010","9"
"Amhara","Enesie Sar Midir","Hagere-Selam-016-","2018","10"
"Amhara","Shebel Berenta","Abrekuy","1984","1"
"Amhara","Shebel Berenta","Abrekuy","1987","2"
"Amhara","Shebel Berenta","Abrekuy","2000","3"
"Amhara","Shebel Berenta","Abrekuy","2002","4"
"Amhara","Shebel Berenta","Abrekuy","2001","5"
"Amhara","Shebel Berenta","Abrekuy","2015","6"
"Amhara","Shebel Berenta","Abrekuy","2003","7"
"Amhara","Shebel Berenta","Abrekuy","1993","8"
"Amhara","Shebel Berenta","Abrekuy","2010","9"
"Amhara","Shebel Berenta","Abrekuy","2018","10"
"Amhara","Shebel Berenta","Mozen","1984","1"
"Amhara","Shebel Berenta","Mozen","1987","2"
"Amhara","Shebel Berenta","Mozen","1990","3"
"Amhara","Shebel Berenta","Mozen","2015","4"
"Amhara","Shebel Berenta","Mozen","1995","5"
"Amhara","Shebel Berenta","Mozen","2001","6"
"Amhara","Shebel Berenta","Mozen","2003","7"
"Amhara","Shebel Berenta","Mozen","1997","8"
"Amhara","Shebel Berenta","Mozen","2002","9"
"Amhara","Shebel Berenta","Mozen","2012","10"
"Amhara","Enesie Sar Midir","Zobar-Yikuanda-028-","1984","1"
"Amhara","Enesie Sar Midir","Zobar-Yikuanda-028-","2015","2"
"Amhara","Enesie Sar Midir","Zobar-Yikuanda-028-","2014","3"
"Amhara","Enesie Sar Midir","Zobar-Yikuanda-028-","1987","4"
"Amhara","Enesie Sar Midir","Zobar-Yikuanda-028-","1994","5"
"Amhara","Enesie Sar Midir","Zobar-Yikuanda-028-","2002","6"
"Amhara","Enesie Sar Midir","Zobar-Yikuanda-028-","1997","7"
"Amhara","Enesie Sar Midir","Zobar-Yikuanda-028-","2001","8"
"Amhara","Enesie Sar Midir","Zobar-Yikuanda-028-","2016","9"
"Amhara","Enesie Sar Midir","Zobar-Yikuanda-028-","1986","10"
"Amhara","Enesie Sar Midir","Hagere-Genet-010-","1984","1"
"Amhara","Enesie Sar Midir","Hagere-Genet-010-","1987","2"
"Amhara","Enesie Sar Midir","Hagere-Genet-010-","2015","3"
"Amhara","Enesie Sar Midir","Hagere-Genet-010-","1991","4"
"Amhara","Enesie Sar Midir","Hagere-Genet-010-","2002","5"
"Amhara","Enesie Sar Midir","Hagere-Genet-010-","1997","6"
"Amhara","Enesie Sar Midir","Hagere-Genet-010-","1995","7"
"Amhara","Enesie Sar Midir","Hagere-Genet-010-","2018","8"
"Amhara","Enesie Sar Midir","Hagere-Genet-010-","2004","9"
"Amhara","Enesie Sar Midir","Hagere-Genet-010-","1999","10"
"Amhara","Enesie Sar Midir","Debremawie-017-","1984","1"
"Amhara","Enesie Sar Midir","Debremawie-017-","1987","2"
"Amhara","Enesie Sar Midir","Debremawie-017-","1993","3"
"Amhara","Enesie Sar Midir","Debremawie-017-","1995","4"
"Amhara","Enesie Sar Midir","Debremawie-017-","1994","5"
"Amhara","Enesie Sar Midir","Debremawie-017-","1999","6"
"Amhara","Enesie Sar Midir","Debremawie-017-","2003","7"
"Amhara","Enesie Sar Midir","Debremawie-017-","2015","8"
"Amhara","Enesie Sar Midir","Debremawie-017-","2018","9"
"Amhara","Enesie Sar Midir","Debremawie-017-","2013","10"
"Amhara","Enesie Sar Midir","Worya-Meskel-032-","1984","1"
"Amhara","Enesie Sar Midir","Worya-Meskel-032-","2014","2"
"Amhara","Enesie Sar Midir","Worya-Meskel-032-","2002","3"
"Amhara","Enesie Sar Midir","Worya-Meskel-032-","1991","4"
"Amhara","Enesie Sar Midir","Worya-Meskel-032-","1997","5"
"Amhara","Enesie Sar Midir","Worya-Meskel-032-","2004","6"
"Amhara","Enesie Sar Midir","Worya-Meskel-032-","1986","7"
"Amhara","Enesie Sar Midir","Worya-Meskel-032-","2015","8"
"Amhara","Enesie Sar Midir","Worya-Meskel-032-","1989","9"
"Amhara","Enesie Sar Midir","Worya-Meskel-032-","2017","10"
"Amhara","Ibinat","Selamaya","1984","1"
"Amhara","Ibinat","Selamaya","1986","2"
"Amhara","Ibinat","Selamaya","1998","3"
"Amhara","Ibinat","Selamaya","2006","4"
"Amhara","Ibinat","Selamaya","2003","5"
"Amhara","Ibinat","Selamaya","2008","6"
"Amhara","Ibinat","Selamaya","2004","7"
"Amhara","Ibinat","Selamaya","2001","8"
"Amhara","Ibinat","Selamaya","2012","9"
"Amhara","Ibinat","Selamaya","2007","10"
"Amhara","Shebel Berenta","Yedwuha","1984","1"
"Amhara","Shebel Berenta","Yedwuha","1988","2"
"Amhara","Shebel Berenta","Yedwuha","1989","3"
"Amhara","Shebel Berenta","Yedwuha","2015","4"
"Amhara","Shebel Berenta","Yedwuha","1993","5"
"Amhara","Shebel Berenta","Yedwuha","1996","6"
"Amhara","Shebel Berenta","Yedwuha","2013","7"
"Amhara","Shebel Berenta","Yedwuha","1999","8"
"Amhara","Shebel Berenta","Yedwuha","2003","9"
"Amhara","Shebel Berenta","Yedwuha","2018","10"
"Amhara","Shebel Berenta","Wobo","1984","1"
"Amhara","Shebel Berenta","Wobo","1987","2"
"Amhara","Shebel Berenta","Wobo","2014","3"
"Amhara","Shebel Berenta","Wobo","1999","4"
"Amhara","Shebel Berenta","Wobo","2003","5"
"Amhara","Shebel Berenta","Wobo","2018","6"
"Amhara","Shebel Berenta","Wobo","2017","7"
"Amhara","Shebel Berenta","Wobo","2009","8"
"Amhara","Shebel Berenta","Wobo","2011","9"
"Amhara","Shebel Berenta","Wobo","2015","10"
"Amhara","Enesie Sar Midir","Melabesh-015-","1984","1"
"Amhara","Enesie Sar Midir","Melabesh-015-","2014","2"
"Amhara","Enesie Sar Midir","Melabesh-015-","1999","3"
"Amhara","Enesie Sar Midir","Melabesh-015-","1987","4"
"Amhara","Enesie Sar Midir","Melabesh-015-","2017","5"
"Amhara","Enesie Sar Midir","Melabesh-015-","2002","6"
"Amhara","Enesie Sar Midir","Melabesh-015-","2005","7"
"Amhara","Enesie Sar Midir","Melabesh-015-","2016","8"
"Amhara","Enesie Sar Midir","Melabesh-015-","1994","9"
"Amhara","Enesie Sar Midir","Melabesh-015-","2012","10"
"Amhara","Enesie Sar Midir","Debre-Genet-018-","1984","1"
"Amhara","Enesie Sar Midir","Debre-Genet-018-","1988","2"
"Amhara","Enesie Sar Midir","Debre-Genet-018-","1987","3"
"Amhara","Enesie Sar Midir","Debre-Genet-018-","2014","4"
"Amhara","Enesie Sar Midir","Debre-Genet-018-","1993","5"
"Amhara","Enesie Sar Midir","Debre-Genet-018-","2003","6"
"Amhara","Enesie Sar Midir","Debre-Genet-018-","1991","7"
"Amhara","Enesie Sar Midir","Debre-Genet-018-","1999","8"
"Amhara","Enesie Sar Midir","Debre-Genet-018-","2002","9"
"Amhara","Enesie Sar Midir","Debre-Genet-018-","2017","10"
"Amhara","Enesie Sar Midir","Adisalem-020-","1984","1"
"Amhara","Enesie Sar Midir","Adisalem-020-","2014","2"
"Amhara","Enesie Sar Midir","Adisalem-020-","1987","3"
"Amhara","Enesie Sar Midir","Adisalem-020-","1991","4"
"Amhara","Enesie Sar Midir","Adisalem-020-","1998","5"
"Amhara","Enesie Sar Midir","Adisalem-020-","2001","6"
"Amhara","Enesie Sar Midir","Adisalem-020-","2003","7"
"Amhara","Enesie Sar Midir","Adisalem-020-","2009","8"
"Amhara","Enesie Sar Midir","Adisalem-020-","2017","9"
"Amhara","Enesie Sar Midir","Adisalem-020-","1994","10"
"Amhara","Shebel Berenta","Mergech","1984","1"
"Amhara","Shebel Berenta","Mergech","1987","2"
"Amhara","Shebel Berenta","Mergech","2004","3"
"Amhara","Shebel Berenta","Mergech","2003","4"
"Amhara","Shebel Berenta","Mergech","2015","5"
"Amhara","Shebel Berenta","Mergech","1997","6"
"Amhara","Shebel Berenta","Mergech","1990","7"
"Amhara","Shebel Berenta","Mergech","2008","8"
"Amhara","Shebel Berenta","Mergech","2010","9"
"Amhara","Shebel Berenta","Mergech","2002","10"
"Amhara","Shebel Berenta","Abaselima","1984","1"
"Amhara","Shebel Berenta","Abaselima","1987","2"
"Amhara","Shebel Berenta","Abaselima","1992","3"
"Amhara","Shebel Berenta","Abaselima","2015","4"
"Amhara","Shebel Berenta","Abaselima","2000","5"
"Amhara","Shebel Berenta","Abaselima","2001","6"
"Amhara","Shebel Berenta","Abaselima","1990","7"
"Amhara","Shebel Berenta","Abaselima","2002","8"
"Amhara","Shebel Berenta","Abaselima","2004","9"
"Amhara","Shebel Berenta","Abaselima","1989","10"
"Amhara","Enesie Sar Midir","Felegehiwot-022-","1984","1"
"Amhara","Enesie Sar Midir","Felegehiwot-022-","1987","2"
"Amhara","Enesie Sar Midir","Felegehiwot-022-","1993","3"
"Amhara","Enesie Sar Midir","Felegehiwot-022-","1990","4"
"Amhara","Enesie Sar Midir","Felegehiwot-022-","1992","5"
"Amhara","Enesie Sar Midir","Felegehiwot-022-","2014","6"
"Amhara","Enesie Sar Midir","Felegehiwot-022-","2004","7"
"Amhara","Enesie Sar Midir","Felegehiwot-022-","2015","8"
"Amhara","Enesie Sar Midir","Felegehiwot-022-","2017","9"
"Amhara","Enesie Sar Midir","Felegehiwot-022-","2005","10"
"Amhara","Libo Kemkem","Agid","2001","1"
"Amhara","Libo Kemkem","Agid","1984","2"
"Amhara","Libo Kemkem","Agid","1987","3"
"Amhara","Libo Kemkem","Agid","1996","4"
"Amhara","Libo Kemkem","Agid","2009","5"
"Amhara","Libo Kemkem","Agid","1999","6"
"Amhara","Libo Kemkem","Agid","2018","7"
"Amhara","Libo Kemkem","Agid","1986","8"
"Amhara","Libo Kemkem","Agid","2011","9"
"Amhara","Libo Kemkem","Agid","2008","10"
"Amhara","Ibinat","Serawudi","1983","1"
"Amhara","Ibinat","Serawudi","1984","2"
"Amhara","Ibinat","Serawudi","1993","3"
"Amhara","Ibinat","Serawudi","1999","4"
"Amhara","Ibinat","Serawudi","1995","5"
"Amhara","Ibinat","Serawudi","1996","6"
"Amhara","Ibinat","Serawudi","1990","7"
"Amhara","Ibinat","Serawudi","2000","8"
"Amhara","Ibinat","Serawudi","1994","9"
"Amhara","Ibinat","Serawudi","1991","10"
"Tigray","Werieleke","Enda-Felasi","1984","1"
"Tigray","Werieleke","Enda-Felasi","2002","2"
"Tigray","Werieleke","Enda-Felasi","1997","3"
"Tigray","Werieleke","Enda-Felasi","1994","4"
"Tigray","Werieleke","Enda-Felasi","2009","5"
"Tigray","Werieleke","Enda-Felasi","1991","6"
"Tigray","Werieleke","Enda-Felasi","1987","7"
"Tigray","Werieleke","Enda-Felasi","1989","8"
"Tigray","Werieleke","Enda-Felasi","2016","9"
"Tigray","Werieleke","Enda-Felasi","1990","10"
"Tigray","Werieleke","Tsae","1984","1"
"Tigray","Werieleke","Tsae","1989","2"
"Tigray","Werieleke","Tsae","1997","3"
"Tigray","Werieleke","Tsae","1994","4"
"Tigray","Werieleke","Tsae","1987","5"
"Tigray","Werieleke","Tsae","2015","6"
"Tigray","Werieleke","Tsae","1999","7"
"Tigray","Werieleke","Tsae","1990","8"
"Tigray","Werieleke","Tsae","2004","9"
"Tigray","Werieleke","Tsae","2001","10"
"Tigray","Kolatemben","Wuhdet","1983","1"
"Tigray","Kolatemben","Wuhdet","1990","2"
"Tigray","Kolatemben","Wuhdet","1996","3"
"Tigray","Kolatemben","Wuhdet","1988","4"
"Tigray","Kolatemben","Wuhdet","1998","5"
"Tigray","Kolatemben","Wuhdet","1986","6"
"Tigray","Kolatemben","Wuhdet","1989","7"
"Tigray","Kolatemben","Wuhdet","2007","8"
"Tigray","Kolatemben","Wuhdet","2016","9"
"Tigray","Kolatemben","Wuhdet","2017","10"
"Tigray","Werieleke","Misema","1984","1"
"Tigray","Werieleke","Misema","1987","2"
"Tigray","Werieleke","Misema","1994","3"
"Tigray","Werieleke","Misema","2007","4"
"Tigray","Werieleke","Misema","1989","5"
"Tigray","Werieleke","Misema","2005","6"
"Tigray","Werieleke","Misema","1991","7"
"Tigray","Werieleke","Misema","2009","8"
"Tigray","Werieleke","Misema","1999","9"
"Tigray","Werieleke","Misema","1997","10"
"Tigray","Werieleke","May-Nebri","1984","1"
"Tigray","Werieleke","May-Nebri","1987","2"
"Tigray","Werieleke","May-Nebri","1994","3"
"Tigray","Werieleke","May-Nebri","2014","4"
"Tigray","Werieleke","May-Nebri","2007","5"
"Tigray","Werieleke","May-Nebri","1989","6"
"Tigray","Werieleke","May-Nebri","1986","7"
"Tigray","Werieleke","May-Nebri","1988","8"
"Tigray","Werieleke","May-Nebri","2005","9"
"Tigray","Werieleke","May-Nebri","1997","10"
"Tigray","Werieleke","Arena","1984","1"
"Tigray","Werieleke","Arena","1988","2"
"Tigray","Werieleke","Arena","1994","3"
"Tigray","Werieleke","Arena","2002","4"
"Tigray","Werieleke","Arena","1990","5"
"Tigray","Werieleke","Arena","1992","6"
"Tigray","Werieleke","Arena","1989","7"
"Tigray","Werieleke","Arena","2014","8"
"Tigray","Werieleke","Arena","2004","9"
"Tigray","Werieleke","Arena","2005","10"
"Tigray","Werieleke","May-Chekemte","1984","1"
"Tigray","Werieleke","May-Chekemte","1997","2"
"Tigray","Werieleke","May-Chekemte","1987","3"
"Tigray","Werieleke","May-Chekemte","2014","4"
"Tigray","Werieleke","May-Chekemte","2007","5"
"Tigray","Werieleke","May-Chekemte","2002","6"
"Tigray","Werieleke","May-Chekemte","2015","7"
"Tigray","Werieleke","May-Chekemte","1990","8"
"Tigray","Werieleke","May-Chekemte","2004","9"
"Tigray","Werieleke","May-Chekemte","2018","10"
"Amhara","Shebel Berenta","Woynye","1984","1"
"Amhara","Shebel Berenta","Woynye","1987","2"
"Amhara","Shebel Berenta","Woynye","2014","3"
"Amhara","Shebel Berenta","Woynye","2002","4"
"Amhara","Shebel Berenta","Woynye","2001","5"
"Amhara","Shebel Berenta","Woynye","2008","6"
"Amhara","Shebel Berenta","Woynye","1990","7"
"Amhara","Shebel Berenta","Woynye","1999","8"
"Amhara","Shebel Berenta","Woynye","2000","9"
"Amhara","Shebel Berenta","Woynye","2004","10"
"Amhara","Libo Kemkem","Birkutea","1984","1"
"Amhara","Libo Kemkem","Birkutea","1992","2"
"Amhara","Libo Kemkem","Birkutea","2013","3"
"Amhara","Libo Kemkem","Birkutea","1990","4"
"Amhara","Libo Kemkem","Birkutea","1995","5"
"Amhara","Libo Kemkem","Birkutea","2017","6"
"Amhara","Libo Kemkem","Birkutea","1998","7"
"Amhara","Libo Kemkem","Birkutea","1999","8"
"Amhara","Libo Kemkem","Birkutea","2018","9"
"Amhara","Libo Kemkem","Birkutea","2006","10"
"Amhara","Ibinat","Wariba","1986","1"
"Amhara","Ibinat","Wariba","1999","2"
"Amhara","Ibinat","Wariba","2013","3"
"Amhara","Ibinat","Wariba","2017","4"
"Amhara","Ibinat","Wariba","2003","5"
"Amhara","Ibinat","Wariba","2018","6"
"Amhara","Ibinat","Wariba","1998","7"
"Amhara","Ibinat","Wariba","1992","8"
"Amhara","Ibinat","Wariba","2014","9"
"Amhara","Ibinat","Wariba","2008","10"
"Amhara","Ibinat","Wonberoch","1984","1"
"Amhara","Ibinat","Wonberoch","1986","2"
"Amhara","Ibinat","Wonberoch","1987","3"
"Amhara","Ibinat","Wonberoch","1990","4"
"Amhara","Ibinat","Wonberoch","1992","5"
"Amhara","Ibinat","Wonberoch","2000","6"
"Amhara","Ibinat","Wonberoch","2004","7"
"Amhara","Ibinat","Wonberoch","2006","8"
"Amhara","Ibinat","Wonberoch","2001","9"
"Amhara","Ibinat","Wonberoch","1998","10"
"Amhara","Ibinat","Worgaja wagi","1987","1"
"Amhara","Ibinat","Worgaja wagi","1993","2"
"Amhara","Ibinat","Worgaja wagi","2018","3"
"Amhara","Ibinat","Worgaja wagi","1985","4"
"Amhara","Ibinat","Worgaja wagi","1997","5"
"Amhara","Ibinat","Worgaja wagi","1994","6"
"Amhara","Ibinat","Worgaja wagi","2003","7"
"Amhara","Ibinat","Worgaja wagi","2004","8"
"Amhara","Ibinat","Worgaja wagi","2014","9"
"Amhara","Ibinat","Worgaja wagi","2016","10"
"Amhara","Ibinat","Burkoche","1984","1"
"Amhara","Ibinat","Burkoche","1986","2"
"Amhara","Ibinat","Burkoche","2004","3"
"Amhara","Ibinat","Burkoche","2002","4"
"Amhara","Ibinat","Burkoche","2009","5"
"Amhara","Ibinat","Burkoche","1985","6"
"Amhara","Ibinat","Burkoche","2015","7"
"Amhara","Ibinat","Burkoche","1994","8"
"Amhara","Ibinat","Burkoche","2012","9"
"Amhara","Ibinat","Burkoche","2018","10"
"Amhara","Shebel Berenta","Suha","1984","1"
"Amhara","Shebel Berenta","Suha","1987","2"
"Amhara","Shebel Berenta","Suha","1990","3"
"Amhara","Shebel Berenta","Suha","2001","4"
"Amhara","Shebel Berenta","Suha","2014","5"
"Amhara","Shebel Berenta","Suha","2015","6"
"Amhara","Shebel Berenta","Suha","2017","7"
"Amhara","Shebel Berenta","Suha","1988","8"
"Amhara","Shebel Berenta","Suha","1995","9"
"Amhara","Shebel Berenta","Suha","1998","10"
"Amhara","Ibinat","Embacheko Gunaguna","1983","1"
"Amhara","Ibinat","Embacheko Gunaguna","1986","2"
"Amhara","Ibinat","Embacheko Gunaguna","1992","3"
"Amhara","Ibinat","Embacheko Gunaguna","1995","4"
"Amhara","Ibinat","Embacheko Gunaguna","1998","5"
"Amhara","Ibinat","Embacheko Gunaguna","2002","6"
"Amhara","Ibinat","Embacheko Gunaguna","2004","7"
"Amhara","Ibinat","Embacheko Gunaguna","2007","8"
"Amhara","Ibinat","Embacheko Gunaguna","2014","9"
"Amhara","Ibinat","Embacheko Gunaguna","1984","10"
"Amhara","Enesie Sar Midir","Zihon-Huha-014-","1984","1"
"Amhara","Enesie Sar Midir","Zihon-Huha-014-","2014","2"
"Amhara","Enesie Sar Midir","Zihon-Huha-014-","2003","3"
"Amhara","Enesie Sar Midir","Zihon-Huha-014-","1987","4"
"Amhara","Enesie Sar Midir","Zihon-Huha-014-","1985","5"
"Amhara","Enesie Sar Midir","Zihon-Huha-014-","2002","6"
"Amhara","Enesie Sar Midir","Zihon-Huha-014-","2011","7"
"Amhara","Enesie Sar Midir","Zihon-Huha-014-","2015","8"
"Amhara","Enesie Sar Midir","Zihon-Huha-014-","2018","9"
"Amhara","Enesie Sar Midir","Zihon-Huha-014-","2001","10"
"Amhara","Enesie Sar Midir","Dembeza-019-Amba Lay","1984","1"
"Amhara","Enesie Sar Midir","Dembeza-019-Amba Lay","1987","2"
"Amhara","Enesie Sar Midir","Dembeza-019-Amba Lay","2014","3"
"Amhara","Enesie Sar Midir","Dembeza-019-Amba Lay","1991","4"
"Amhara","Enesie Sar Midir","Dembeza-019-Amba Lay","2002","5"
"Amhara","Enesie Sar Midir","Dembeza-019-Amba Lay","1997","6"
"Amhara","Enesie Sar Midir","Dembeza-019-Amba Lay","2015","7"
"Amhara","Enesie Sar Midir","Dembeza-019-Amba Lay","2017","8"
"Amhara","Enesie Sar Midir","Dembeza-019-Amba Lay","2001","9"
"Amhara","Enesie Sar Midir","Dembeza-019-Amba Lay","2005","10"
"Amhara","Enesie Sar Midir","Berlay-034-","1984","1"
"Amhara","Enesie Sar Midir","Berlay-034-","1987","2"
"Amhara","Enesie Sar Midir","Berlay-034-","2014","3"
"Amhara","Enesie Sar Midir","Berlay-034-","2002","4"
"Amhara","Enesie Sar Midir","Berlay-034-","1991","5"
"Amhara","Enesie Sar Midir","Berlay-034-","2015","6"
"Amhara","Enesie Sar Midir","Berlay-034-","2017","7"
"Amhara","Enesie Sar Midir","Berlay-034-","1990","8"
"Amhara","Enesie Sar Midir","Berlay-034-","1989","9"
"Amhara","Enesie Sar Midir","Berlay-034-","2004","10"
"Amhara","Shebel Berenta","Yeju","1984","1"
"Amhara","Shebel Berenta","Yeju","1987","2"
"Amhara","Shebel Berenta","Yeju","1994","3"
"Amhara","Shebel Berenta","Yeju","2004","4"
"Amhara","Shebel Berenta","Yeju","2015","5"
"Amhara","Shebel Berenta","Yeju","2009","6"
"Amhara","Shebel Berenta","Yeju","2016","7"
"Amhara","Shebel Berenta","Yeju","2012","8"
"Amhara","Shebel Berenta","Yeju","2018","9"
"Amhara","Shebel Berenta","Yeju","1998","10"
"Amhara","Shebel Berenta","Worego","1984","1"
"Amhara","Shebel Berenta","Worego","1987","2"
"Amhara","Shebel Berenta","Worego","2014","3"
"Amhara","Shebel Berenta","Worego","1994","4"
"Amhara","Shebel Berenta","Worego","2000","5"
"Amhara","Shebel Berenta","Worego","1998","6"
"Amhara","Shebel Berenta","Worego","2004","7"
"Amhara","Shebel Berenta","Worego","2008","8"
"Amhara","Shebel Berenta","Worego","2012","9"
"Amhara","Shebel Berenta","Worego","2018","10"
"Amhara","Shebel Berenta","Selelkula","1984","1"
"Amhara","Shebel Berenta","Selelkula","1987","2"
"Amhara","Shebel Berenta","Selelkula","2014","3"
"Amhara","Shebel Berenta","Selelkula","1994","4"
"Amhara","Shebel Berenta","Selelkula","2004","5"
"Amhara","Shebel Berenta","Selelkula","1990","6"
"Amhara","Shebel Berenta","Selelkula","1997","7"
"Amhara","Shebel Berenta","Selelkula","2009","8"
"Amhara","Shebel Berenta","Selelkula","2018","9"
"Amhara","Shebel Berenta","Selelkula","2012","10"
"Amhara","Shebel Berenta","Ledy","1984","1"
"Amhara","Shebel Berenta","Ledy","1987","2"
"Amhara","Shebel Berenta","Ledy","1990","3"
"Amhara","Shebel Berenta","Ledy","2004","4"
"Amhara","Shebel Berenta","Ledy","1986","5"
"Amhara","Shebel Berenta","Ledy","2015","6"
"Amhara","Shebel Berenta","Ledy","1997","7"
"Amhara","Shebel Berenta","Ledy","2000","8"
"Amhara","Shebel Berenta","Ledy","2006","9"
"Amhara","Shebel Berenta","Ledy","1995","10"
"Amhara","Shebel Berenta","Gebsit","1984","1"
"Amhara","Shebel Berenta","Gebsit","1987","2"
"Amhara","Shebel Berenta","Gebsit","2015","3"
"Amhara","Shebel Berenta","Gebsit","1998","4"
"Amhara","Shebel Berenta","Gebsit","2001","5"
"Amhara","Shebel Berenta","Gebsit","2004","6"
"Amhara","Shebel Berenta","Gebsit","2005","7"
"Amhara","Shebel Berenta","Gebsit","2010","8"
"Amhara","Shebel Berenta","Gebsit","1994","9"
"Amhara","Shebel Berenta","Gebsit","1990","10"
"Amhara","Ibinat","Shunge","1984","1"
"Amhara","Ibinat","Shunge","1987","2"
"Amhara","Ibinat","Shunge","1998","3"
"Amhara","Ibinat","Shunge","2014","4"
"Amhara","Ibinat","Shunge","2001","5"
"Amhara","Ibinat","Shunge","1991","6"
"Amhara","Ibinat","Shunge","1994","7"
"Amhara","Ibinat","Shunge","1996","8"
"Amhara","Ibinat","Shunge","2008","9"
"Amhara","Ibinat","Shunge","2002","10"
"Amhara","Shebel Berenta","Ansheb","1984","1"
"Amhara","Shebel Berenta","Ansheb","1987","2"
"Amhara","Shebel Berenta","Ansheb","2014","3"
"Amhara","Shebel Berenta","Ansheb","1991","4"
"Amhara","Shebel Berenta","Ansheb","1999","5"
"Amhara","Shebel Berenta","Ansheb","2002","6"
"Amhara","Shebel Berenta","Ansheb","2004","7"
"Amhara","Shebel Berenta","Ansheb","1993","8"
"Amhara","Shebel Berenta","Ansheb","2008","9"
"Amhara","Shebel Berenta","Ansheb","2011","10"
"Amhara","Shebel Berenta","Gedayasu","1984","1"
"Amhara","Shebel Berenta","Gedayasu","1987","2"
"Amhara","Shebel Berenta","Gedayasu","2014","3"
"Amhara","Shebel Berenta","Gedayasu","2001","4"
"Amhara","Shebel Berenta","Gedayasu","2004","5"
"Amhara","Shebel Berenta","Gedayasu","1994","6"
"Amhara","Shebel Berenta","Gedayasu","1998","7"
"Amhara","Shebel Berenta","Gedayasu","1989","8"
"Amhara","Shebel Berenta","Gedayasu","2012","9"
"Amhara","Shebel Berenta","Gedayasu","2003","10"
"Amhara","Goncha Siso Enesie","Filatako","1984","1"
"Amhara","Goncha Siso Enesie","Filatako","1996","2"
"Amhara","Goncha Siso Enesie","Filatako","1986","3"
"Amhara","Goncha Siso Enesie","Filatako","2000","4"
"Amhara","Goncha Siso Enesie","Filatako","1990","5"
"Amhara","Goncha Siso Enesie","Filatako","2015","6"
"Amhara","Goncha Siso Enesie","Filatako","2017","7"
"Amhara","Goncha Siso Enesie","Filatako","1991","8"
"Amhara","Goncha Siso Enesie","Filatako","2006","9"
"Amhara","Goncha Siso Enesie","Filatako","2018","10"
"Amhara","Ibinat","Jiman Deregeha","1987","1"
"Amhara","Ibinat","Jiman Deregeha","1985","2"
"Amhara","Ibinat","Jiman Deregeha","2014","3"
"Amhara","Ibinat","Jiman Deregeha","1990","4"
"Amhara","Ibinat","Jiman Deregeha","2017","5"
"Amhara","Ibinat","Jiman Deregeha","1988","6"
"Amhara","Ibinat","Jiman Deregeha","2007","7"
"Amhara","Ibinat","Jiman Deregeha","2013","8"
"Amhara","Ibinat","Jiman Deregeha","1986","9"
"Amhara","Ibinat","Jiman Deregeha","2012","10"
"Amhara","Goncha Siso Enesie","Abarwuha","1984","1"
"Amhara","Goncha Siso Enesie","Abarwuha","2015","2"
"Amhara","Goncha Siso Enesie","Abarwuha","2001","3"
"Amhara","Goncha Siso Enesie","Abarwuha","2002","4"
"Amhara","Goncha Siso Enesie","Abarwuha","1986","5"
"Amhara","Goncha Siso Enesie","Abarwuha","1994","6"
"Amhara","Goncha Siso Enesie","Abarwuha","1995","7"
"Amhara","Goncha Siso Enesie","Abarwuha","2010","8"
"Amhara","Goncha Siso Enesie","Abarwuha","2016","9"
"Amhara","Goncha Siso Enesie","Abarwuha","2018","10"
"Amhara","Goncha Siso Enesie","Derit","1984","1"
"Amhara","Goncha Siso Enesie","Derit","1993","2"
"Amhara","Goncha Siso Enesie","Derit","1997","3"
"Amhara","Goncha Siso Enesie","Derit","2002","4"
"Amhara","Goncha Siso Enesie","Derit","2004","5"
"Amhara","Goncha Siso Enesie","Derit","2015","6"
"Amhara","Goncha Siso Enesie","Derit","2001","7"
"Amhara","Goncha Siso Enesie","Derit","1987","8"
"Amhara","Goncha Siso Enesie","Derit","1995","9"
"Amhara","Goncha Siso Enesie","Derit","2007","10"
