gid,District,Zone,Region,Country
1,Minjarna Shenkora, North Shewa (K3), Amhara, Ethiopia
2,Mojana Wadera, North Shewa (K3), Amhara, Ethiopia
3,Moretna Jiru, North Shewa (K3), Amhara, Ethiopia
4,Siya Debirna Wayu & Ensaro, North Shewa (K3), Amhara, Ethiopia
5,Tarmaber, North Shewa (K3), Amhara, Ethiopia
6,Weremo Wajetuna Mida, North Shewa (K3), Amhara, Ethiopia
7,Bugna, North Wollo, Amhara, Ethiopia
8,Fogera, South Gonder, Amhara, Ethiopia
9,Kemekem, South Gonder, Amhara, Ethiopia
10,Lay Gayint, South Gonder, Amhara, Ethiopia
11,Simada, South Gonder, Amhara, Ethiopia
12,Tach Gayint, South Gonder, Amhara, Ethiopia
13,Amba Sel, South Wollo, Amhara, Ethiopia
14,Debre Sina, South Wollo, Amhara, Ethiopia
15,Dessie, South Wollo, Amhara, Ethiopia
16,Dessie Zuria, South Wollo, Amhara, Ethiopia
17,Jama, South Wollo, Amhara, Ethiopia
18,Kalu, South Wollo, Amhara, Ethiopia
19,Kelela, South Wollo, Amhara, Ethiopia
20,Kombolcha, South Wollo, Amhara, Ethiopia
21,Kutaber, South Wollo, Amhara, Ethiopia
22,Legambo, South Wollo, Amhara, Ethiopia
23,Mekdela, South Wollo, Amhara, Ethiopia
24,Sayint, South Wollo, Amhara, Ethiopia
25,WEREDA 01, Unknown, Addis Ababa, Ethiopia
26,WEREDA 02, Unknown, Addis Ababa, Ethiopia
27,WEREDA 03, Unknown, Addis Ababa, Ethiopia
28,WEREDA 04, Unknown, Addis Ababa, Ethiopia
29,WEREDA 07, Unknown, Addis Ababa, Ethiopia
30,WEREDA 09, Unknown, Addis Ababa, Ethiopia
31,WEREDA 13, Unknown, Addis Ababa, Ethiopia
32,WEREDA 14, Unknown, Addis Ababa, Ethiopia
33,WEREDA 18, Unknown, Addis Ababa, Ethiopia
34,WEREDA 22, Unknown, Addis Ababa, Ethiopia
35,WEREDA 05, Zone 1, Addis Ababa, Ethiopia
36,WEREDA 06, Zone 1, Addis Ababa, Ethiopia
37,WEREDA 20, Zone 2, Addis Ababa, Ethiopia
38,WEREDA 21, Zone 2, Addis Ababa, Ethiopia
39,WEREDA 23, Zone 2, Addis Ababa, Ethiopia
40,WEREDA 24, Zone 2, Addis Ababa, Ethiopia
41,WEREDA 17, Zone 3, Addis Ababa, Ethiopia
42,WEREDA 19, Zone 3, Addis Ababa, Ethiopia
43,WEREDA 28, Zone 3, Addis Ababa, Ethiopia
44,WEREDA 11, Zone 4, Addis Ababa, Ethiopia
45,WEREDA 12, Zone 4, Addis Ababa, Ethiopia
46,WEREDA 15, Zone 4, Addis Ababa, Ethiopia
47,WEREDA 16, Zone 4, Addis Ababa, Ethiopia
48,WEREDA 08, Zone 5, Addis Ababa, Ethiopia
49,WEREDA 10, Zone 5, Addis Ababa, Ethiopia
50,WEREDA 25, Zone 5, Addis Ababa, Ethiopia
51,WEREDA 26, Zone 6, Addis Ababa, Ethiopia
52,WEREDA 27, Zone 6, Addis Ababa, Ethiopia
53,Afambo, Zone 1, Afar, Ethiopia
54,Aysaita, Zone 1, Afar, Ethiopia
55,Chifra, Zone 1, Afar, Ethiopia
56,Dubti, Zone 1, Afar, Ethiopia
57,Elidar, Zone 1, Afar, Ethiopia
58,Mille, Zone 1, Afar, Ethiopia
59,Abala, Zone 2, Afar, Ethiopia
60,Afdera, Zone 2, Afar, Ethiopia
61,Berahle, Zone 2, Afar, Ethiopia
62,Dallol, Zone 2, Afar, Ethiopia
63,Erebti, Zone 2, Afar, Ethiopia
64,Koneba, Zone 2, Afar, Ethiopia
65,Megale, Zone 2, Afar, Ethiopia
66,Amibara, Zone 3, Afar, Ethiopia
67,Argoba Special, Zone 3, Afar, Ethiopia
68,Awash Fentale, Zone 3, Afar, Ethiopia
69,Bure Mudaytu, Zone 3, Afar, Ethiopia
70,Dulecha, Zone 3, Afar, Ethiopia
71,Gewane, Zone 3, Afar, Ethiopia
72,Ewa, Zone 4, Afar, Ethiopia
73,Gulina, Zone 4, Afar, Ethiopia
74,Habru, Zone 4, Afar, Ethiopia
75,Teru, Zone 4, Afar, Ethiopia
76,Yalo, Zone 4, Afar, Ethiopia
77,Artuma, Zone 5, Afar, Ethiopia
78,Dewe, Zone 5, Afar, Ethiopia
79,Fursi, Zone 5, Afar, Ethiopia
80,Simurobi Gele'alo, Zone 5, Afar, Ethiopia
81,Telalak, Zone 5, Afar, Ethiopia
82,Ankesha, Awi, Amhara, Ethiopia
83,Banja, Awi, Amhara, Ethiopia
84,Dangila, Awi, Amhara, Ethiopia
85,Fagta Lakoma, Awi, Amhara, Ethiopia
86,Guangua, Awi, Amhara, Ethiopia
87,Bahir Dar, Bar Dar Sp. Zone, Amhara, Ethiopia
88,Awabel, East Gojam, Amhara, Ethiopia
89,Baso Liben, East Gojam, Amhara, Ethiopia
90,Bibugn, East Gojam, Amhara, Ethiopia
91,Debay Telatgen, East Gojam, Amhara, Ethiopia
92,Debre Marqos, East Gojam, Amhara, Ethiopia
93,Dejen, East Gojam, Amhara, Ethiopia
94,Enarj Enawga, East Gojam, Amhara, Ethiopia
95,Enbise Sar Midir, East Gojam, Amhara, Ethiopia
96,Enemay, East Gojam, Amhara, Ethiopia
97,Goncha Siso Enese, East Gojam, Amhara, Ethiopia
98,Guzamn, East Gojam, Amhara, Ethiopia
99,Hulet Ej Enese, East Gojam, Amhara, Ethiopia
100,Machakel, East Gojam, Amhara, Ethiopia
101,Shebel Berenta, East Gojam, Amhara, Ethiopia
102,Addi Arkay, North Gonder, Amhara, Ethiopia
103,Alefa, North Gonder, Amhara, Ethiopia
104,Belesa, North Gonder, Amhara, Ethiopia
105,Beyeda, North Gonder, Amhara, Ethiopia
106,Chilga, North Gonder, Amhara, Ethiopia
107,Dabat, North Gonder, Amhara, Ethiopia
108,Debarq, North Gonder, Amhara, Ethiopia
109,Dembia, North Gonder, Amhara, Ethiopia
110,Gonder, North Gonder, Amhara, Ethiopia
111,Gonder Zuria, North Gonder, Amhara, Ethiopia
112,Janamora, North Gonder, Amhara, Ethiopia
113,Lay Armacheho, North Gonder, Amhara, Ethiopia
114,Metema, North Gonder, Amhara, Ethiopia
115,Quara, North Gonder, Amhara, Ethiopia
116,Sanja, North Gonder, Amhara, Ethiopia
117,Wegera, North Gonder, Amhara, Ethiopia
118,Angolela Tera, North Shewa (K3), Amhara, Ethiopia
119,Ankober, North Shewa (K3), Amhara, Ethiopia
120,Antsokia Gemza, North Shewa (K3), Amhara, Ethiopia
121,Asagirt, North Shewa (K3), Amhara, Ethiopia
122,Berehet, North Shewa (K3), Amhara, Ethiopia
123,Debre Berhan, North Shewa (K3), Amhara, Ethiopia
124,Debre Berhan Zuria, North Shewa (K3), Amhara, Ethiopia
125,Efratana Gidim, North Shewa (K3), Amhara, Ethiopia
126,Gera Midirna Keya Gabriel, North Shewa (K3), Amhara, Ethiopia
127,Gishe Rabel, North Shewa (K3), Amhara, Ethiopia
128,Hagere Mariamna Kesem, North Shewa (K3), Amhara, Ethiopia
129,Kewet, North Shewa (K3), Amhara, Ethiopia
130,Lay Betna Tach Bet, North Shewa (K3), Amhara, Ethiopia
131,Mama Midirna Lalo, North Shewa (K3), Amhara, Ethiopia
132,Bare, Unknown, Somali, Ethiopia
133,Chereti, Unknown, Somali, Ethiopia
134,Debeweyin, Unknown, Somali, Ethiopia
135,Denan, Unknown, Somali, Ethiopia
136,Dihun, Unknown, Somali, Ethiopia
137,Dolobay, Unknown, Somali, Ethiopia
138,East Imi, Unknown, Somali, Ethiopia
139,Elkere, Unknown, Somali, Ethiopia
140,Dawunt Delanta, North Wollo, Amhara, Ethiopia
141,Gidan, North Wollo, Amhara, Ethiopia
142,Guba Lafto, North Wollo, Amhara, Ethiopia
143,Kobo, North Wollo, Amhara, Ethiopia
144,Meket, North Wollo, Amhara, Ethiopia
145,Tehuledere, North Wollo, Amhara, Ethiopia
146,Wadla, North Wollo, Amhara, Ethiopia
147,Weldiya, North Wollo, Amhara, Ethiopia
148,Artuma Fursina, Oromia Zone, Amhara, Ethiopia
149,Bati, Oromia Zone, Amhara, Ethiopia
150,Dawa Chefa, Oromia Zone, Amhara, Ethiopia
151,Jile Timuga, Oromia Zone, Amhara, Ethiopia
152,Debre Tabor, South Gonder, Amhara, Ethiopia
153,Dera, South Gonder, Amhara, Ethiopia
154,Ebenat, South Gonder, Amhara, Ethiopia
155,Esite, South Gonder, Amhara, Ethiopia
156,Farta, South Gonder, Amhara, Ethiopia
157,Tehuledere, South Wollo, Amhara, Ethiopia
158,Tenta, South Wollo, Amhara, Ethiopia
159,Wegde, South Wollo, Amhara, Ethiopia
160,Were Ilu, South Wollo, Amhara, Ethiopia
161,Werebabu, South Wollo, Amhara, Ethiopia
162,Dehana, Wag Hemira, Amhara, Ethiopia
163,Sekota, Wag Hemira, Amhara, Ethiopia
164,Zikuala, Wag Hemira, Amhara, Ethiopia
165,Achefer, West Gojam, Amhara, Ethiopia
166,Adet, West Gojam, Amhara, Ethiopia
167,Bahir Dar Zuria, West Gojam, Amhara, Ethiopia
168,Bure Wemberma, West Gojam, Amhara, Ethiopia
169,Dega Damot, West Gojam, Amhara, Ethiopia
170,Dembecha, West Gojam, Amhara, Ethiopia
171,Jabi Tehnan, West Gojam, Amhara, Ethiopia
172,Merawi, West Gojam, Amhara, Ethiopia
173,Quarit, West Gojam, Amhara, Ethiopia
174,Sekela, West Gojam, Amhara, Ethiopia
175,Asosa, Asosa, Benshangul-Gumaz, Ethiopia
176,Bambasi, Asosa, Benshangul-Gumaz, Ethiopia
177,Komesha, Asosa, Benshangul-Gumaz, Ethiopia
178,Kurmuk, Asosa, Benshangul-Gumaz, Ethiopia
179,Menge, Asosa, Benshangul-Gumaz, Ethiopia
180,Oda Godere, Asosa, Benshangul-Gumaz, Ethiopia
181,Sherkole, Asosa, Benshangul-Gumaz, Ethiopia
182,Tongo Sp. Wereda, Asosa, Benshangul-Gumaz, Ethiopia
183,Agelo Meti, Kemashi, Benshangul-Gumaz, Ethiopia
184,Belo Jegonfoy, Kemashi, Benshangul-Gumaz, Ethiopia
185,Kamashi, Kemashi, Benshangul-Gumaz, Ethiopia
186,Sirba Abay, Kemashi, Benshangul-Gumaz, Ethiopia
187,Yaso, Kemashi, Benshangul-Gumaz, Ethiopia
188,Bulen, Metekel, Benshangul-Gumaz, Ethiopia
189,Dangur, Metekel, Benshangul-Gumaz, Ethiopia
190,Dibate, Metekel, Benshangul-Gumaz, Ethiopia
191,Guba, Metekel, Benshangul-Gumaz, Ethiopia
192,Mandura, Metekel, Benshangul-Gumaz, Ethiopia
193,Pawe, Metekel, Benshangul-Gumaz, Ethiopia
194,Wembera, Metekel, Benshangul-Gumaz, Ethiopia
195,Dire Dawa, Dire Dawa, Dire Dawa, Ethiopia
196,Akobo, Zone 1, Gambela Peoples, Ethiopia
197,Gambela, Zone 1, Gambela Peoples, Ethiopia
198,Itang, Zone 1, Gambela Peoples, Ethiopia
199,Jikawo, Zone 1, Gambela Peoples, Ethiopia
200,Abobo, Zone 2, Gambela Peoples, Ethiopia
201,Dima, Zone 2, Gambela Peoples, Ethiopia
202,Godere, Zone 2, Gambela Peoples, Ethiopia
203,Gog, Zone 2, Gambela Peoples, Ethiopia
204,Jor, Zone 2, Gambela Peoples, Ethiopia
205,Harar/Hundene, Hundene, Harari People, Ethiopia
206,Amigna, Arsi, Oromia, Ethiopia
207,Aseko, Arsi, Oromia, Ethiopia
208,Bekoji, Arsi, Oromia, Ethiopia
209,Chole, Arsi, Oromia, Ethiopia
210,Degeluna Tijo, Arsi, Oromia, Ethiopia
211,Dodotana Sire, Arsi, Oromia, Ethiopia
212,Gedeb, Arsi, Oromia, Ethiopia
213,Gololcha, Arsi, Oromia, Ethiopia
214,Hitosa, Arsi, Oromia, Ethiopia
215,Jeju, Arsi, Oromia, Ethiopia
216,Kofele, Arsi, Oromia, Ethiopia
217,Merti, Arsi, Oromia, Ethiopia
218,Munessa, Arsi, Oromia, Ethiopia
219,Robe, Arsi, Oromia, Ethiopia
220,Seru, Arsi, Oromia, Ethiopia
221,Shirka, Arsi, Oromia, Ethiopia
222,Sude, Arsi, Oromia, Ethiopia
223,Tena, Arsi, Oromia, Ethiopia
224,Tiyo, Arsi, Oromia, Ethiopia
225,Ziway Gugda, Arsi, Oromia, Ethiopia
226,Adaba, Bale, Oromia, Ethiopia
227,Agarfa, Bale, Oromia, Ethiopia
228,Berbere, Bale, Oromia, Ethiopia
229,Dodola, Bale, Oromia, Ethiopia
230,Gasera, Bale, Oromia, Ethiopia
231,Ginir, Bale, Oromia, Ethiopia
232,Goba, Bale, Oromia, Ethiopia
233,Gololcha, Bale, Oromia, Ethiopia
234,Goro, Bale, Oromia, Ethiopia
235,Guradamole, Bale, Oromia, Ethiopia
236,Kokosa, Bale, Oromia, Ethiopia
237,Legehida, Bale, Oromia, Ethiopia
238,Meda Welabu, Bale, Oromia, Ethiopia
239,Mennana Arena Buluk, Bale, Oromia, Ethiopia
240,Nenesebo, Bale, Oromia, Ethiopia
241,Rayitu, Bale, Oromia, Ethiopia
242,Seweyna, Bale, Oromia, Ethiopia
243,Sinanana Dinsho, Bale, Oromia, Ethiopia
244,Adolana Wadera, Borena, Oromia, Ethiopia
245,Arero, Borena, Oromia, Ethiopia
246,Bore, Borena, Oromia, Ethiopia
247,Dire, Borena, Oromia, Ethiopia
248,Gelana Abaya, Borena, Oromia, Ethiopia
249,Hagere Mariam, Borena, Oromia, Ethiopia
250,Liben, Borena, Oromia, Ethiopia
251,Moyale, Borena, Oromia, Ethiopia
252,Odo Shakiso, Borena, Oromia, Ethiopia
253,Teltele, Borena, Oromia, Ethiopia
254,Uraga, Borena, Oromia, Ethiopia
255,Yabelo, Borena, Oromia, Ethiopia
256,Babile, East Harerghe, Oromia, Ethiopia
257,Bedeno, East Harerghe, Oromia, Ethiopia
258,Deder, East Harerghe, Oromia, Ethiopia
259,Fedis, East Harerghe, Oromia, Ethiopia
260,Girawa, East Harerghe, Oromia, Ethiopia
261,Golo Odo, East Harerghe, Oromia, Ethiopia
262,Goro Gutu, East Harerghe, Oromia, Ethiopia
263,Gursum, East Harerghe, Oromia, Ethiopia
264,Haro Maya, East Harerghe, Oromia, Ethiopia
265,Jarso, East Harerghe, Oromia, Ethiopia
266,Kersa, East Harerghe, Oromia, Ethiopia
267,Kombolcha, East Harerghe, Oromia, Ethiopia
268,Kurfa Chele, East Harerghe, Oromia, Ethiopia
269,Malka Balo, East Harerghe, Oromia, Ethiopia
270,Meta, East Harerghe, Oromia, Ethiopia
271,Meyu, East Harerghe, Oromia, Ethiopia
272,Ada'a Chukala, East Shewa, Oromia, Ethiopia
273,Adama, East Shewa, Oromia, Ethiopia
274,Adami Tulu  Jido Kombolcha, East Shewa, Oromia, Ethiopia
275,Akaki, East Shewa, Oromia, Ethiopia
276,Arsi Negele, East Shewa, Oromia, Ethiopia
277,Boset, East Shewa, Oromia, Ethiopia
278,Dugda Bora, East Shewa, Oromia, Ethiopia
279,Fentale, East Shewa, Oromia, Ethiopia
280,Gimbichu, East Shewa, Oromia, Ethiopia
281,Lome, East Shewa, Oromia, Ethiopia
282,Shashemene, East Shewa, Oromia, Ethiopia
283,Siraro, East Shewa, Oromia, Ethiopia
284,Abay Chomen, East Wellega, Oromia, Ethiopia
285,Abe Dongoro, East Wellega, Oromia, Ethiopia
286,Amuru, East Wellega, Oromia, Ethiopia
287,Bila Seyo, East Wellega, Oromia, Ethiopia
288,Diga, East Wellega, Oromia, Ethiopia
289,Gida Kiremu, East Wellega, Oromia, Ethiopia
290,Guduru, East Wellega, Oromia, Ethiopia
291,Guto Wayu, East Wellega, Oromia, Ethiopia
292,Ibantu, East Wellega, Oromia, Ethiopia
293,Jarti, East Wellega, Oromia, Ethiopia
294,Jimma Arjo, East Wellega, Oromia, Ethiopia
295,Jimma Horo, East Wellega, Oromia, Ethiopia
296,Jimma Rare, East Wellega, Oromia, Ethiopia
297,Leka Dulcha, East Wellega, Oromia, Ethiopia
298,Limu, East Wellega, Oromia, Ethiopia
299,Nunu Kumba, East Wellega, Oromia, Ethiopia
300,Sasiga, East Wellega, Oromia, Ethiopia
301,Sibu Sire, East Wellega, Oromia, Ethiopia
302,Wama Bonaya, East Wellega, Oromia, Ethiopia
303,Ale, Illubabor, Oromia, Ethiopia
304,Bedele, Illubabor, Oromia, Ethiopia
305,Borecha, Illubabor, Oromia, Ethiopia
306,Bure, Illubabor, Oromia, Ethiopia
307,Chora, Illubabor, Oromia, Ethiopia
308,Darimu, Illubabor, Oromia, Ethiopia
309,Dedesa, Illubabor, Oromia, Ethiopia
310,Dega, Illubabor, Oromia, Ethiopia
311,Gechi, Illubabor, Oromia, Ethiopia
312,Metu, Illubabor, Oromia, Ethiopia
313,Nono, Illubabor, Oromia, Ethiopia
314,Supena Sodo, Illubabor, Oromia, Ethiopia
315,Yayu, Illubabor, Oromia, Ethiopia
316,Dedo, Jimma, Oromia, Ethiopia
317,Gera, Jimma, Oromia, Ethiopia
318,Goma, Jimma, Oromia, Ethiopia
319,Kersa, Jimma, Oromia, Ethiopia
320,Limu Kosa, Jimma, Oromia, Ethiopia
321,Limu Seka, Jimma, Oromia, Ethiopia
322,Mana, Jimma, Oromia, Ethiopia
323,Omonada, Jimma, Oromia, Ethiopia
324,Seka Chekorsa, Jimma, Oromia, Ethiopia
325,Sekoru, Jimma, Oromia, Ethiopia
326,Setema, Jimma, Oromia, Ethiopia
327,Sigmo, Jimma, Oromia, Ethiopia
328,Tiro Afeta, Jimma, Oromia, Ethiopia
329,Abichuna Gne'a, North Shewa (K4), Oromia, Ethiopia
330,Berehna Aleltu, North Shewa (K4), Oromia, Ethiopia
331,Degem, North Shewa (K4), Oromia, Ethiopia
332,Dera, North Shewa (K4), Oromia, Ethiopia
333,Gerar Jarso, North Shewa (K4), Oromia, Ethiopia
334,Hidabu Abote, North Shewa (K4), Oromia, Ethiopia
335,Kembibit, North Shewa (K4), Oromia, Ethiopia
336,Kuyu, North Shewa (K4), Oromia, Ethiopia
337,Mulona Sululta, North Shewa (K4), Oromia, Ethiopia
338,Wara Jarso, North Shewa (K4), Oromia, Ethiopia
339,Wuchalena Jido, North Shewa (K4), Oromia, Ethiopia
340,Yaya Gulelena Debre Libanos, North Shewa (K4), Oromia, Ethiopia
341,Anchar, West Harerghe, Oromia, Ethiopia
342,Boke, West Harerghe, Oromia, Ethiopia
343,Chiro, West Harerghe, Oromia, Ethiopia
344,Darolebu, West Harerghe, Oromia, Ethiopia
345,Doba, West Harerghe, Oromia, Ethiopia
346,Goba Koricha, West Harerghe, Oromia, Ethiopia
347,Habro, West Harerghe, Oromia, Ethiopia
348,Kuni, West Harerghe, Oromia, Ethiopia
349,Mesela, West Harerghe, Oromia, Ethiopia
350,Mieso, West Harerghe, Oromia, Ethiopia
351,Tulo, West Harerghe, Oromia, Ethiopia
352,Adda Berga, West Shewa, Oromia, Ethiopia
353,Alem Gena, West Shewa, Oromia, Ethiopia
354,Ambo, West Shewa, Oromia, Ethiopia
355,Ameya, West Shewa, Oromia, Ethiopia
356,Bako Tibe, West Shewa, Oromia, Ethiopia
357,Becho, West Shewa, Oromia, Ethiopia
358,Cheliya, West Shewa, Oromia, Ethiopia
359,Dano, West Shewa, Oromia, Ethiopia
360,Dawo, West Shewa, Oromia, Ethiopia
361,Dendi, West Shewa, Oromia, Ethiopia
362,Ejere (Addis Alem), West Shewa, Oromia, Ethiopia
363,Ginde Beret, West Shewa, Oromia, Ethiopia
364,Ilu, West Shewa, Oromia, Ethiopia
365,Jeldu, West Shewa, Oromia, Ethiopia
366,Kersana Kondaltiti, West Shewa, Oromia, Ethiopia
367,Kokir, West Shewa, Oromia, Ethiopia
368,Meta Robi, West Shewa, Oromia, Ethiopia
369,Nono, West Shewa, Oromia, Ethiopia
370,Tikur, West Shewa, Oromia, Ethiopia
371,Tole, West Shewa, Oromia, Ethiopia
372,Walisona Goro, West Shewa, Oromia, Ethiopia
373,Walmara, West Shewa, Oromia, Ethiopia
374,Wenchi, West Shewa, Oromia, Ethiopia
375,Anfilo, West Wellega, Oromia, Ethiopia
376,Ayra Guliso, West Wellega, Oromia, Ethiopia
377,Begi, West Wellega, Oromia, Ethiopia
378,Boji, West Wellega, Oromia, Ethiopia
379,Dale Sadi, West Wellega, Oromia, Ethiopia
380,Ganji, West Wellega, Oromia, Ethiopia
381,Gawo Dale, West Wellega, Oromia, Ethiopia
382,Gidami, West Wellega, Oromia, Ethiopia
383,Gimbi, West Wellega, Oromia, Ethiopia
384,Haru, West Wellega, Oromia, Ethiopia
385,Hawa Welele, West Wellega, Oromia, Ethiopia
386,Jarso, West Wellega, Oromia, Ethiopia
387,JimmaHoro, West Wellega, Oromia, Ethiopia
388,Lalo Asabi, West Wellega, Oromia, Ethiopia
389,LaloKillie, West Wellega, Oromia, Ethiopia
390,Mana Sibu, West Wellega, Oromia, Ethiopia
391,Nejo, West Wellega, Oromia, Ethiopia
392,Nole Kaba, West Wellega, Oromia, Ethiopia
393,Sayo, West Wellega, Oromia, Ethiopia
394,Yobdo, West Wellega, Oromia, Ethiopia
395,Aware, Dege Habur, Somali, Ethiopia
396,Degehabur, Dege Habur, Somali, Ethiopia
397,Degehamedo, Dege Habur, Somali, Ethiopia
398,Misrak Gashamo, Dege Habur, Somali, Ethiopia
399,Babile, Jijiga, Somali, Ethiopia
400,Gursum, Jijiga, Somali, Ethiopia
401,Hareshen, Jijiga, Somali, Ethiopia
402,Jijiga, Jijiga, Somali, Ethiopia
403,Kebribeyah, Jijiga, Somali, Ethiopia
404,Teferi  Ber, Jijiga, Somali, Ethiopia
405,Dolo Odo, Liben, Somali, Ethiopia
406,Filtu, Liben, Somali, Ethiopia
407,Moyale, Liben, Somali, Ethiopia
408,Afdem, Shinile, Somali, Ethiopia
409,Ayisha, Shinile, Somali, Ethiopia
410,Dembel, Shinile, Somali, Ethiopia
411,Erer, Shinile, Somali, Ethiopia
412,Miesso, Shinile, Somali, Ethiopia
413,Shinile, Shinile, Somali, Ethiopia
414,Adadle, Unknown, Somali, Ethiopia
415,Afder, Unknown, Somali, Ethiopia
416,Ferfer, Unknown, Somali, Ethiopia
417,Fik, Unknown, Somali, Ethiopia
418,Gerbo, Unknown, Somali, Ethiopia
419,Gode, Unknown, Somali, Ethiopia
420,Goro Baqaqsa, Unknown, Somali, Ethiopia
421,Gudis, Unknown, Somali, Ethiopia
422,Guradamole, Unknown, Somali, Ethiopia
423,Hamero, Unknown, Somali, Ethiopia
424,Kebridehar, Unknown, Somali, Ethiopia
425,Kelafo, Unknown, Somali, Ethiopia
426,Lagahida, Unknown, Somali, Ethiopia
427,Meyumuluka, Unknown, Somali, Ethiopia
428,Mustahil, Unknown, Somali, Ethiopia
429,Segeg, Unknown, Somali, Ethiopia
430,Selahad, Unknown, Somali, Ethiopia
431,Shekosh, Unknown, Somali, Ethiopia
432,Shilabo, Unknown, Somali, Ethiopia
433,West Imi, Unknown, Somali, Ethiopia
434,Boh, Welwel & Warder, Somali, Ethiopia
435,Danot, Welwel & Warder, Somali, Ethiopia
436,Geladin, Welwel & Warder, Somali, Ethiopia
437,Warder, Welwel & Warder, Somali, Ethiopia
438,Amaro, Amaro Special Woreda," Southern Nations, Nationalities and Peoples", Ethiopia
439,Basketo, Basketo Special Woreda," Southern Nations, Nationalities and Peoples", Ethiopia
440,Bench, Benchi Maji," Southern Nations, Nationalities and Peoples", Ethiopia
441,Bero, Benchi Maji," Southern Nations, Nationalities and Peoples", Ethiopia
442,Maji, Benchi Maji," Southern Nations, Nationalities and Peoples", Ethiopia
443,Meanit Goldiiya, Benchi Maji," Southern Nations, Nationalities and Peoples", Ethiopia
444,Menit Shasha, Benchi Maji," Southern Nations, Nationalities and Peoples", Ethiopia
445,Sheka, Benchi Maji," Southern Nations, Nationalities and Peoples", Ethiopia
446,Shewa Bench, Benchi Maji," Southern Nations, Nationalities and Peoples", Ethiopia
447,Surma, Benchi Maji," Southern Nations, Nationalities and Peoples", Ethiopia
448,Burji, Burji Special Woreda," Southern Nations, Nationalities and Peoples", Ethiopia
449,Gena Bosa, Dawuro," Southern Nations, Nationalities and Peoples", Ethiopia
450,Isara, Dawuro," Southern Nations, Nationalities and Peoples", Ethiopia
451,Loma Bosa, Dawuro," Southern Nations, Nationalities and Peoples", Ethiopia
452,Mareka Gena, Dawuro," Southern Nations, Nationalities and Peoples", Ethiopia
453,Tocha, Dawuro," Southern Nations, Nationalities and Peoples", Ethiopia
454,Dirashe, Derashe Special Woreda," Southern Nations, Nationalities and Peoples", Ethiopia
455,Arba Minch Zuria, Gamo Gofa," Southern Nations, Nationalities and Peoples", Ethiopia
456,Bonke, Gamo Gofa," Southern Nations, Nationalities and Peoples", Ethiopia
457,Boreda, Gamo Gofa," Southern Nations, Nationalities and Peoples", Ethiopia
458,Chencha, Gamo Gofa," Southern Nations, Nationalities and Peoples", Ethiopia
459,Daramalo, Gamo Gofa," Southern Nations, Nationalities and Peoples", Ethiopia
460,Dita, Gamo Gofa," Southern Nations, Nationalities and Peoples", Ethiopia
461,Gofa Zuria, Gamo Gofa," Southern Nations, Nationalities and Peoples", Ethiopia
462,Kemba, Gamo Gofa," Southern Nations, Nationalities and Peoples", Ethiopia
463,Kucha, Gamo Gofa," Southern Nations, Nationalities and Peoples", Ethiopia
464,Melekoza, Gamo Gofa," Southern Nations, Nationalities and Peoples", Ethiopia
465,MirabAbaya, Gamo Gofa," Southern Nations, Nationalities and Peoples", Ethiopia
466,Ubadebretsehay, Gamo Gofa," Southern Nations, Nationalities and Peoples", Ethiopia
467,Zala, Gamo Gofa," Southern Nations, Nationalities and Peoples", Ethiopia
468,Bule, Gedeo," Southern Nations, Nationalities and Peoples", Ethiopia
469,Kochere, Gedeo," Southern Nations, Nationalities and Peoples", Ethiopia
470,Wenago, Gedeo," Southern Nations, Nationalities and Peoples", Ethiopia
471,Yirgachefe, Gedeo," Southern Nations, Nationalities and Peoples", Ethiopia
472,Akililna Mohr, Guraghe," Southern Nations, Nationalities and Peoples", Ethiopia
473,Alicho Woriro, Guraghe," Southern Nations, Nationalities and Peoples", Ethiopia
474,Cheha, Guraghe," Southern Nations, Nationalities and Peoples", Ethiopia
475,Dalocha, Guraghe," Southern Nations, Nationalities and Peoples", Ethiopia
476,Endagagn, Guraghe," Southern Nations, Nationalities and Peoples", Ethiopia
477,Enemorina Eaner, Guraghe," Southern Nations, Nationalities and Peoples", Ethiopia
478,Ezha, Guraghe," Southern Nations, Nationalities and Peoples", Ethiopia
479,Goro, Guraghe," Southern Nations, Nationalities and Peoples", Ethiopia
480,Gumer, Guraghe," Southern Nations, Nationalities and Peoples", Ethiopia
481,Kokir Gedbano Gutazer, Guraghe," Southern Nations, Nationalities and Peoples", Ethiopia
482,Lanfero, Guraghe," Southern Nations, Nationalities and Peoples", Ethiopia
483,Meskanena Mareko, Guraghe," Southern Nations, Nationalities and Peoples", Ethiopia
484,Selti, Guraghe," Southern Nations, Nationalities and Peoples", Ethiopia
485,Sodo, Guraghe," Southern Nations, Nationalities and Peoples", Ethiopia
486,Badawacho, Hadiya," Southern Nations, Nationalities and Peoples", Ethiopia
487,Limu, Hadiya," Southern Nations, Nationalities and Peoples", Ethiopia
488,Misha, Hadiya," Southern Nations, Nationalities and Peoples", Ethiopia
489,Soro, Hadiya," Southern Nations, Nationalities and Peoples", Ethiopia
490,Bita, Kaffa," Southern Nations, Nationalities and Peoples", Ethiopia
491,Chena, Kaffa," Southern Nations, Nationalities and Peoples", Ethiopia
492,Cheta, Kaffa," Southern Nations, Nationalities and Peoples", Ethiopia
493,Decha, Kaffa," Southern Nations, Nationalities and Peoples", Ethiopia
494,Gelila, South Omo," Southern Nations, Nationalities and Peoples", Ethiopia
495,Hamer, South Omo," Southern Nations, Nationalities and Peoples", Ethiopia
496,Kuraz, South Omo," Southern Nations, Nationalities and Peoples", Ethiopia
497,Selamgo, South Omo," Southern Nations, Nationalities and Peoples", Ethiopia
498,Boloso Sore, Wolayita," Southern Nations, Nationalities and Peoples", Ethiopia
499,Damot Gale, Wolayita," Southern Nations, Nationalities and Peoples", Ethiopia
500,Damot Weyde, Wolayita," Southern Nations, Nationalities and Peoples", Ethiopia
501,Humbo, Wolayita," Southern Nations, Nationalities and Peoples", Ethiopia
502,Kindo Koysha, Wolayita," Southern Nations, Nationalities and Peoples", Ethiopia
503,Ofa, Wolayita," Southern Nations, Nationalities and Peoples", Ethiopia
504,Sodo Zuria, Wolayita," Southern Nations, Nationalities and Peoples", Ethiopia
505,Yem, Yem Special Woreda," Southern Nations, Nationalities and Peoples", Ethiopia
506,Adwa, Central Tigray, Tigray, Ethiopia
507,Ahferom, Central Tigray, Tigray, Ethiopia
508,Gesha Daka, Kaffa," Southern Nations, Nationalities and Peoples", Ethiopia
509,Gewata, Kaffa," Southern Nations, Nationalities and Peoples", Ethiopia
510,Gimbo, Kaffa," Southern Nations, Nationalities and Peoples", Ethiopia
511,Menjiwo, Kaffa," Southern Nations, Nationalities and Peoples", Ethiopia
512,Sylem, Kaffa," Southern Nations, Nationalities and Peoples", Ethiopia
513,Telo, Kaffa," Southern Nations, Nationalities and Peoples", Ethiopia
514,Alaba, Kembata Alaba Tembaro," Southern Nations, Nationalities and Peoples", Ethiopia
515,Angacha, Kembata Alaba Tembaro," Southern Nations, Nationalities and Peoples", Ethiopia
516,Kacha Bira, Kembata Alaba Tembaro," Southern Nations, Nationalities and Peoples", Ethiopia
517,Kedida Gamela, Kembata Alaba Tembaro," Southern Nations, Nationalities and Peoples", Ethiopia
518,Omo Sheleko, Kembata Alaba Tembaro," Southern Nations, Nationalities and Peoples", Ethiopia
519,Konso, Konso Special Woreda," Southern Nations, Nationalities and Peoples", Ethiopia
520,Ela (Konta), Konta Special Woreda," Southern Nations, Nationalities and Peoples", Ethiopia
521,Anderacha, Shaka," Southern Nations, Nationalities and Peoples", Ethiopia
522,Masha, Shaka," Southern Nations, Nationalities and Peoples", Ethiopia
523,Yeki, Shaka," Southern Nations, Nationalities and Peoples", Ethiopia
524,Aleta Wendo, Sidama," Southern Nations, Nationalities and Peoples", Ethiopia
525,Arbe Gona, Sidama," Southern Nations, Nationalities and Peoples", Ethiopia
526,Aroresa, Sidama," Southern Nations, Nationalities and Peoples", Ethiopia
527,Awasa, Sidama," Southern Nations, Nationalities and Peoples", Ethiopia
528,Bensa, Sidama," Southern Nations, Nationalities and Peoples", Ethiopia
529,Dale, Sidama," Southern Nations, Nationalities and Peoples", Ethiopia
530,Dara, Sidama," Southern Nations, Nationalities and Peoples", Ethiopia
531,Hulla, Sidama," Southern Nations, Nationalities and Peoples", Ethiopia
532,Shebedino, Sidama," Southern Nations, Nationalities and Peoples", Ethiopia
533,Bako Gazer, South Omo," Southern Nations, Nationalities and Peoples", Ethiopia
534,Bena, South Omo," Southern Nations, Nationalities and Peoples", Ethiopia
535,Degua Temben, Central Tigray, Tigray, Ethiopia
536,Kola Temben, Central Tigray, Tigray, Ethiopia
537,Laelay Maychew, Central Tigray, Tigray, Ethiopia
538,Mereb Lehe, Central Tigray, Tigray, Ethiopia
539,Naeder Adet, Central Tigray, Tigray, Ethiopia
540,Tahtay Maychew, Central Tigray, Tigray, Ethiopia
541,Tanku Abergele, Central Tigray, Tigray, Ethiopia
542,Werie Lehe, Central Tigray, Tigray, Ethiopia
543,Atsbi Wenberta, Easetern Tigray, Tigray, Ethiopia
544,Erob, Easetern Tigray, Tigray, Ethiopia
545,Ganta Afeshum, Easetern Tigray, Tigray, Ethiopia
546,Gulomahda, Easetern Tigray, Tigray, Ethiopia
547,Hawzen, Easetern Tigray, Tigray, Ethiopia
548,Saesi Tsaedaemba, Easetern Tigray, Tigray, Ethiopia
549,Wukro, Easetern Tigray, Tigray, Ethiopia
550,Mekele, Mekele, Tigray, Ethiopia
551,Alamata, Southern Tigray, Tigray, Ethiopia
552,Ambalaje, Southern Tigray, Tigray, Ethiopia
553,Endamehoni, Southern Tigray, Tigray, Ethiopia
554,Enderta, Southern Tigray, Tigray, Ethiopia
555,Hintalo Wajerat, Southern Tigray, Tigray, Ethiopia
556,Ofla, Southern Tigray, Tigray, Ethiopia
557,Raya Azebo, Southern Tigray, Tigray, Ethiopia
558,Samre, Southern Tigray, Tigray, Ethiopia
559,Asegede Tsimbela, Western Tigray, Tigray, Ethiopia
560,Kafta Humera, Western Tigray, Tigray, Ethiopia
561,Laelay Adiyabo, Western Tigray, Tigray, Ethiopia
562,Medebay Zana, Western Tigray, Tigray, Ethiopia
563,Tahtay Adiyabo, Western Tigray, Tigray, Ethiopia
564,Tahtay Koraro, Western Tigray, Tigray, Ethiopia
565,Tsegede, Western Tigray, Tigray, Ethiopia
566,Tsilemti, Western Tigray, Tigray, Ethiopia
567,Welkait, Western Tigray, Tigray, Ethiopia
